website_id,url,title_length,meta_description_length,h1_count,h2_count,paragraph_count,word_count,images_count,images_without_alt,internal_links_count,external_links_count,status_code,response_time_ms,technical_score_target,is_synthetic
1,https://chipper-creponne-32db5f.netlify.app/,54,110,1,0,2,54,1,0,4,0,200,430,73,0
1,https://chipper-creponne-32db5f.netlify.app/page3,55,133,1,2,8,155,0,0,7,0,200,450,80,0
1,https://chipper-creponne-32db5f.netlify.app/page4,45,111,1,5,8,167,0,0,7,0,200,617,80,0
1,https://chipper-creponne-32db5f.netlify.app/page2,46,108,1,4,6,127,0,0,7,0,200,646,73,0
1,https://chipper-creponne-32db5f.netlify.app,54,110,1,0,2,54,1,0,4,0,200,663,73,0
1,https://chipper-creponne-32db5f.netlify.app/page5,43,83,1,2,6,117,0,0,6,0,200,558,73,0
4,https://jazzy-otter-3fa56a.netlify.app/,37,0,0,5,3,264,15,0,3,0,200,1177,40,0
6,https://ela103.github.io/travel_agency/contact.html,46,125,1,1,7,213,13,0,24,2,200,382,72,0
4,https://jazzy-otter-3fa56a.netlify.app/page,27,0,1,0,1,244,33,32,3,0,200,625,30,0
4,https://jazzy-otter-3fa56a.netlify.app/details,7,0,1,2,8,242,13,12,4,0,200,408,30,0
4,https://jazzy-otter-3fa56a.netlify.app/paiement,7,0,2,7,3,295,6,6,4,0,200,398,20,0
5,https://ela103.github.io/cabinet/,65,159,1,6,15,361,0,0,11,0,200,462,72,0
5,https://ela103.github.io/cabinet/index.html,65,159,1,6,15,361,0,0,11,0,200,480,72,0
5,https://ela103.github.io/cabinet/appointments.html,40,124,2,5,8,264,0,0,9,0,200,464,60,0
5,https://ela103.github.io/cabinet/doctors.html,32,0,1,1,7,121,3,0,11,0,200,569,48,0
5,https://ela103.github.io/cabinet/services.html,35,114,2,7,13,370,1,0,9,0,200,449,70,0
5,https://ela103.github.io/cabinet/about.html,26,96,2,5,9,213,1,0,9,0,200,555,50,0
5,https://ela103.github.io/cabinet/contact.html,25,79,2,3,9,110,0,0,8,0,200,485,43,0
5,https://ela103.github.io/cabinet/faq.html,21,136,2,9,11,293,1,0,12,0,200,521,50,0
5,https://ela103.github.io/cabinet/blog.html,28,116,2,3,8,201,3,0,11,0,200,455,50,0
5,https://ela103.github.io/cabinet/blog-cardiologie.html,50,122,2,4,7,258,1,0,10,0,200,793,60,0
6,https://ela103.github.io/travel_agency/,38,142,4,7,15,865,49,0,29,1,200,316,80,0
6,https://ela103.github.io/travel_agency/offers.html,0,110,1,0,6,464,33,0,29,1,200,317,64,0
6,https://ela103.github.io/travel_agency/blog.html,28,0,1,0,7,477,21,0,24,7,200,321,67,0
6,https://ela103.github.io/travel_agency/about.html,36,15,1,0,3,248,20,0,23,2,200,384,64,0
6,https://ela103.github.io/travel_agency/index.html,38,142,4,7,15,865,49,0,29,1,200,1631,80,0
6,https://ela103.github.io/travel_agency/single_listing.html,31,120,1,0,4,490,31,0,36,1,200,297,82,0
1,https://chipper-creponne-32db5f.netlify.app/,50,99,1,0,2,51,3,0,6,0,200,478,77,1
1,https://chipper-creponne-32db5f.netlify.app/,49,119,1,0,2,63,0,0,2,0,200,459,72,1
1,https://chipper-creponne-32db5f.netlify.app/,54,113,1,0,2,59,3,0,2,0,200,390,75,1
1,https://chipper-creponne-32db5f.netlify.app/,58,114,1,0,2,55,0,0,6,0,200,450,69,1
1,https://chipper-creponne-32db5f.netlify.app/,57,116,1,0,2,51,0,0,7,0,200,525,75,1
1,https://chipper-creponne-32db5f.netlify.app/,52,103,1,0,2,57,0,1,5,0,200,524,75,1
1,https://chipper-creponne-32db5f.netlify.app/,56,103,1,0,2,61,0,0,3,0,200,451,75,1
1,https://chipper-creponne-32db5f.netlify.app/,48,112,1,0,2,61,3,1,2,0,200,474,75,1
1,https://chipper-creponne-32db5f.netlify.app/,49,115,1,0,2,58,0,0,1,0,200,486,76,1
1,https://chipper-creponne-32db5f.netlify.app/,54,114,1,0,2,57,0,0,4,0,200,519,68,1
1,https://chipper-creponne-32db5f.netlify.app/,54,110,1,0,2,48,3,0,7,0,200,445,76,1
1,https://chipper-creponne-32db5f.netlify.app/,55,100,1,0,2,57,2,1,1,0,200,532,72,1
1,https://chipper-creponne-32db5f.netlify.app/,57,116,1,0,2,50,1,1,7,0,200,492,74,1
1,https://chipper-creponne-32db5f.netlify.app/,55,100,1,0,2,44,1,1,5,0,200,363,70,1
1,https://chipper-creponne-32db5f.netlify.app/,52,104,1,0,2,55,3,0,3,0,200,480,72,1
1,https://chipper-creponne-32db5f.netlify.app/,51,109,1,0,2,50,2,1,7,0,200,403,73,1
1,https://chipper-creponne-32db5f.netlify.app/,49,109,1,0,2,49,2,0,2,0,200,373,75,1
1,https://chipper-creponne-32db5f.netlify.app/,55,110,1,0,2,62,0,1,6,0,200,407,74,1
1,https://chipper-creponne-32db5f.netlify.app/,56,111,1,0,2,44,0,0,3,0,200,467,74,1
1,https://chipper-creponne-32db5f.netlify.app/,52,112,1,0,2,56,3,1,3,0,200,463,70,1
1,https://chipper-creponne-32db5f.netlify.app/,51,115,1,0,2,63,1,0,1,0,200,557,74,1
1,https://chipper-creponne-32db5f.netlify.app/,58,112,1,0,2,52,2,0,3,0,200,445,78,1
1,https://chipper-creponne-32db5f.netlify.app/,57,103,1,0,2,51,0,1,7,0,200,401,73,1
1,https://chipper-creponne-32db5f.netlify.app/,50,111,1,0,2,45,3,0,6,0,200,366,68,1
1,https://chipper-creponne-32db5f.netlify.app/,52,119,1,0,2,44,0,1,2,0,200,518,74,1
1,https://chipper-creponne-32db5f.netlify.app/,52,100,1,0,2,48,1,0,6,0,200,551,69,1
1,https://chipper-creponne-32db5f.netlify.app/,49,115,1,0,2,64,0,0,3,0,200,400,70,1
1,https://chipper-creponne-32db5f.netlify.app/,52,115,1,0,2,45,0,0,5,0,200,361,68,1
1,https://chipper-creponne-32db5f.netlify.app/,56,113,1,0,2,49,0,1,7,0,200,465,76,1
1,https://chipper-creponne-32db5f.netlify.app/,51,113,1,0,2,63,3,1,3,0,200,549,76,1
1,https://chipper-creponne-32db5f.netlify.app/,54,110,1,0,2,55,1,0,1,0,200,407,75,1
1,https://chipper-creponne-32db5f.netlify.app/,51,101,1,0,2,56,3,0,3,0,200,385,74,1
1,https://chipper-creponne-32db5f.netlify.app/,52,100,1,0,2,45,3,1,6,0,200,396,76,1
1,https://chipper-creponne-32db5f.netlify.app/,52,108,1,0,2,49,0,1,6,0,200,428,77,1
1,https://chipper-creponne-32db5f.netlify.app/,51,116,1,0,2,47,2,0,7,0,200,459,71,1
1,https://chipper-creponne-32db5f.netlify.app/,52,106,1,0,2,46,0,0,7,0,200,480,76,1
1,https://chipper-creponne-32db5f.netlify.app/,52,109,1,0,2,63,1,0,3,0,200,497,69,1
1,https://chipper-creponne-32db5f.netlify.app/,57,100,1,0,2,63,2,1,6,0,200,527,77,1
1,https://chipper-creponne-32db5f.netlify.app/,57,103,1,0,2,46,3,0,2,0,200,378,77,1
1,https://chipper-creponne-32db5f.netlify.app/,51,107,1,0,2,55,1,0,3,0,200,405,72,1
1,https://chipper-creponne-32db5f.netlify.app/,52,105,1,0,2,46,0,0,5,0,200,426,72,1
1,https://chipper-creponne-32db5f.netlify.app/,59,118,1,0,2,44,0,0,7,0,200,481,70,1
1,https://chipper-creponne-32db5f.netlify.app/,49,118,1,0,2,58,0,0,4,0,200,406,76,1
1,https://chipper-creponne-32db5f.netlify.app/,51,99,1,0,2,48,0,0,3,0,200,526,74,1
1,https://chipper-creponne-32db5f.netlify.app/,52,114,1,0,2,63,3,0,7,0,200,446,78,1
1,https://chipper-creponne-32db5f.netlify.app/,48,115,1,0,2,46,3,0,5,0,200,398,77,1
1,https://chipper-creponne-32db5f.netlify.app/,51,115,1,0,2,46,1,1,7,0,200,370,75,1
1,https://chipper-creponne-32db5f.netlify.app/,52,120,1,0,2,63,3,0,3,0,200,399,76,1
1,https://chipper-creponne-32db5f.netlify.app/,54,101,1,0,2,57,0,0,2,0,200,375,70,1
1,https://chipper-creponne-32db5f.netlify.app/,55,119,1,0,2,54,0,1,2,0,200,544,70,1
1,https://chipper-creponne-32db5f.netlify.app/page3,51,123,1,2,8,144,2,0,6,0,200,505,84,1
1,https://chipper-creponne-32db5f.netlify.app/page3,54,120,1,2,8,164,1,0,6,0,200,466,79,1
1,https://chipper-creponne-32db5f.netlify.app/page3,58,122,1,2,8,144,1,0,5,0,200,456,79,1
1,https://chipper-creponne-32db5f.netlify.app/page3,57,130,1,2,8,167,1,1,5,0,200,467,82,1
1,https://chipper-creponne-32db5f.netlify.app/page3,54,129,1,2,8,132,0,0,8,0,200,374,80,1
1,https://chipper-creponne-32db5f.netlify.app/page3,51,137,1,2,8,178,0,0,6,0,200,469,77,1
1,https://chipper-creponne-32db5f.netlify.app/page3,60,127,1,2,8,138,0,0,5,0,200,523,85,1
1,https://chipper-creponne-32db5f.netlify.app/page3,51,129,1,2,8,179,1,0,7,0,200,581,82,1
1,https://chipper-creponne-32db5f.netlify.app/page3,57,143,1,2,8,127,0,1,6,0,200,523,85,1
1,https://chipper-creponne-32db5f.netlify.app/page3,56,140,1,2,8,142,2,0,4,0,200,414,84,1
1,https://chipper-creponne-32db5f.netlify.app/page3,57,126,1,2,8,154,2,0,8,0,200,368,76,1
1,https://chipper-creponne-32db5f.netlify.app/page3,52,141,1,2,8,154,0,1,10,0,200,555,76,1
1,https://chipper-creponne-32db5f.netlify.app/page3,51,139,1,2,8,167,0,1,7,0,200,582,76,1
1,https://chipper-creponne-32db5f.netlify.app/page3,50,131,1,2,8,154,0,0,8,0,200,578,77,1
1,https://chipper-creponne-32db5f.netlify.app/page3,50,142,1,2,8,130,0,0,8,0,200,525,85,1
1,https://chipper-creponne-32db5f.netlify.app/page3,58,142,1,2,8,178,2,0,5,0,200,554,77,1
1,https://chipper-creponne-32db5f.netlify.app/page3,54,124,1,2,8,181,0,0,9,0,200,452,82,1
1,https://chipper-creponne-32db5f.netlify.app/page3,54,142,1,2,8,138,0,0,9,0,200,451,78,1
1,https://chipper-creponne-32db5f.netlify.app/page3,53,142,1,2,8,184,0,1,10,0,200,363,82,1
1,https://chipper-creponne-32db5f.netlify.app/page3,58,142,1,2,8,153,0,0,5,0,200,446,79,1
1,https://chipper-creponne-32db5f.netlify.app/page3,59,125,1,2,8,185,2,0,6,0,200,502,75,1
1,https://chipper-creponne-32db5f.netlify.app/page3,49,122,1,2,8,170,0,0,10,0,200,547,75,1
1,https://chipper-creponne-32db5f.netlify.app/page3,52,123,1,2,8,174,2,1,9,0,200,415,76,1
1,https://chipper-creponne-32db5f.netlify.app/page3,56,146,1,2,8,132,1,0,4,0,200,531,81,1
1,https://chipper-creponne-32db5f.netlify.app/page3,50,119,1,2,8,161,0,0,10,0,200,554,75,1
1,https://chipper-creponne-32db5f.netlify.app/page3,50,132,1,2,8,134,1,0,8,0,200,374,76,1
1,https://chipper-creponne-32db5f.netlify.app/page3,51,135,1,2,8,174,0,0,4,0,200,535,79,1
1,https://chipper-creponne-32db5f.netlify.app/page3,51,133,1,2,8,174,0,1,5,0,200,393,75,1
1,https://chipper-creponne-32db5f.netlify.app/page3,59,132,1,2,8,178,1,0,6,0,200,464,75,1
1,https://chipper-creponne-32db5f.netlify.app/page3,59,138,1,2,8,147,0,0,7,0,200,561,76,1
1,https://chipper-creponne-32db5f.netlify.app/page3,50,139,1,2,8,180,0,1,10,0,200,479,83,1
1,https://chipper-creponne-32db5f.netlify.app/page3,49,130,1,2,8,146,1,1,6,0,200,411,85,1
1,https://chipper-creponne-32db5f.netlify.app/page3,59,132,1,2,8,150,1,1,7,0,200,414,76,1
1,https://chipper-creponne-32db5f.netlify.app/page3,54,121,1,2,8,175,0,0,9,0,200,532,79,1
1,https://chipper-creponne-32db5f.netlify.app/page3,57,139,1,2,8,180,2,0,8,0,200,559,75,1
1,https://chipper-creponne-32db5f.netlify.app/page3,51,127,1,2,8,149,2,0,10,0,200,563,78,1
1,https://chipper-creponne-32db5f.netlify.app/page3,49,138,1,2,8,130,1,1,6,0,200,528,81,1
1,https://chipper-creponne-32db5f.netlify.app/page3,50,130,1,2,8,167,0,0,6,0,200,554,75,1
1,https://chipper-creponne-32db5f.netlify.app/page3,56,141,1,2,8,127,2,1,6,0,200,425,78,1
1,https://chipper-creponne-32db5f.netlify.app/page3,55,145,1,2,8,135,0,0,10,0,200,382,76,1
1,https://chipper-creponne-32db5f.netlify.app/page3,56,144,1,2,8,167,2,0,4,0,200,443,79,1
1,https://chipper-creponne-32db5f.netlify.app/page3,53,124,1,2,8,179,0,1,8,0,200,499,81,1
1,https://chipper-creponne-32db5f.netlify.app/page3,54,146,1,2,8,143,2,1,8,0,200,411,83,1
1,https://chipper-creponne-32db5f.netlify.app/page3,55,132,1,2,8,185,2,0,5,0,200,454,75,1
1,https://chipper-creponne-32db5f.netlify.app/page3,54,130,1,2,8,181,0,0,9,0,200,537,77,1
1,https://chipper-creponne-32db5f.netlify.app/page3,55,132,1,2,8,130,2,0,7,0,200,524,80,1
1,https://chipper-creponne-32db5f.netlify.app/page3,51,141,1,2,8,146,0,0,9,0,200,396,82,1
1,https://chipper-creponne-32db5f.netlify.app/page3,53,125,1,2,8,152,0,1,10,0,200,499,80,1
1,https://chipper-creponne-32db5f.netlify.app/page3,56,140,1,2,8,126,2,1,7,0,200,370,80,1
1,https://chipper-creponne-32db5f.netlify.app/page3,59,128,1,2,8,183,2,0,10,0,200,501,79,1
1,https://chipper-creponne-32db5f.netlify.app/page4,40,104,1,5,8,199,0,1,6,0,200,663,76,1
1,https://chipper-creponne-32db5f.netlify.app/page4,45,100,1,5,8,161,0,0,6,0,200,622,75,1
1,https://chipper-creponne-32db5f.netlify.app/page4,46,104,1,5,8,135,0,0,8,0,200,712,79,1
1,https://chipper-creponne-32db5f.netlify.app/page4,46,108,1,5,8,190,0,1,5,0,200,704,79,1
1,https://chipper-creponne-32db5f.netlify.app/page4,44,120,1,5,8,169,0,1,7,0,200,522,83,1
1,https://chipper-creponne-32db5f.netlify.app/page4,46,114,1,5,8,194,0,1,6,0,200,504,85,1
1,https://chipper-creponne-32db5f.netlify.app/page4,44,111,1,5,8,197,0,1,6,0,200,746,78,1
1,https://chipper-creponne-32db5f.netlify.app/page4,44,104,1,5,8,154,0,1,5,0,200,505,76,1
1,https://chipper-creponne-32db5f.netlify.app/page4,43,122,1,5,8,189,0,0,7,0,200,519,75,1
1,https://chipper-creponne-32db5f.netlify.app/page4,42,108,1,5,8,138,0,0,9,0,200,681,81,1
1,https://chipper-creponne-32db5f.netlify.app/page4,40,120,1,5,8,157,0,0,9,0,200,770,82,1
1,https://chipper-creponne-32db5f.netlify.app/page4,46,121,1,5,8,157,2,1,4,0,200,793,79,1
1,https://chipper-creponne-32db5f.netlify.app/page4,47,116,1,5,8,133,0,1,9,0,200,791,75,1
1,https://chipper-creponne-32db5f.netlify.app/page4,43,110,1,5,8,138,0,0,4,0,200,527,80,1
1,https://chipper-creponne-32db5f.netlify.app/page4,46,109,1,5,8,154,2,1,10,0,200,586,77,1
1,https://chipper-creponne-32db5f.netlify.app/page4,41,101,1,5,8,147,1,0,7,0,200,644,85,1
1,https://chipper-creponne-32db5f.netlify.app/page4,45,110,1,5,8,145,2,0,4,0,200,532,80,1
1,https://chipper-creponne-32db5f.netlify.app/page4,42,107,1,5,8,165,0,1,7,0,200,650,77,1
1,https://chipper-creponne-32db5f.netlify.app/page4,41,112,1,5,8,175,0,1,4,0,200,757,79,1
1,https://chipper-creponne-32db5f.netlify.app/page4,40,111,1,5,8,154,2,0,5,0,200,590,76,1
1,https://chipper-creponne-32db5f.netlify.app/page4,43,112,1,5,8,174,0,0,4,0,200,598,83,1
1,https://chipper-creponne-32db5f.netlify.app/page4,43,102,1,5,8,189,2,0,8,0,200,708,84,1
1,https://chipper-creponne-32db5f.netlify.app/page4,46,100,1,5,8,192,1,0,9,0,200,548,81,1
1,https://chipper-creponne-32db5f.netlify.app/page4,40,122,1,5,8,161,1,0,10,0,200,756,83,1
1,https://chipper-creponne-32db5f.netlify.app/page4,44,118,1,5,8,141,2,0,7,0,200,691,84,1
1,https://chipper-creponne-32db5f.netlify.app/page4,45,115,1,5,8,178,0,0,7,0,200,712,84,1
1,https://chipper-creponne-32db5f.netlify.app/page4,48,111,1,5,8,138,0,0,8,0,200,612,80,1
1,https://chipper-creponne-32db5f.netlify.app/page4,40,110,1,5,8,195,0,1,5,0,200,619,80,1
1,https://chipper-creponne-32db5f.netlify.app/page4,46,114,1,5,8,148,0,0,10,0,200,669,77,1
1,https://chipper-creponne-32db5f.netlify.app/page4,41,119,1,5,8,156,2,1,6,0,200,568,77,1
1,https://chipper-creponne-32db5f.netlify.app/page4,45,120,1,5,8,167,0,0,8,0,200,626,84,1
1,https://chipper-creponne-32db5f.netlify.app/page4,42,117,1,5,8,163,2,0,4,0,200,578,84,1
1,https://chipper-creponne-32db5f.netlify.app/page4,46,106,1,5,8,137,0,1,5,0,200,609,76,1
1,https://chipper-creponne-32db5f.netlify.app/page4,44,100,1,5,8,177,0,1,7,0,200,780,75,1
1,https://chipper-creponne-32db5f.netlify.app/page4,41,102,1,5,8,180,1,0,6,0,200,651,75,1
1,https://chipper-creponne-32db5f.netlify.app/page4,41,113,1,5,8,164,0,1,9,0,200,688,85,1
1,https://chipper-creponne-32db5f.netlify.app/page4,42,118,1,5,8,197,0,0,9,0,200,784,85,1
1,https://chipper-creponne-32db5f.netlify.app/page4,43,105,1,5,8,136,0,0,10,0,200,668,79,1
1,https://chipper-creponne-32db5f.netlify.app/page4,41,108,1,5,8,148,2,0,6,0,200,566,77,1
1,https://chipper-creponne-32db5f.netlify.app/page4,47,112,1,5,8,158,2,1,4,0,200,763,77,1
1,https://chipper-creponne-32db5f.netlify.app/page4,46,119,1,5,8,189,0,1,9,0,200,516,82,1
1,https://chipper-creponne-32db5f.netlify.app/page4,47,122,1,5,8,193,0,1,6,0,200,607,85,1
1,https://chipper-creponne-32db5f.netlify.app/page4,46,118,1,5,8,157,1,1,6,0,200,666,77,1
1,https://chipper-creponne-32db5f.netlify.app/page4,41,116,1,5,8,187,0,1,7,0,200,548,80,1
1,https://chipper-creponne-32db5f.netlify.app/page4,44,105,1,5,8,134,1,1,9,0,200,552,85,1
1,https://chipper-creponne-32db5f.netlify.app/page4,45,104,1,5,8,171,0,0,8,0,200,712,82,1
1,https://chipper-creponne-32db5f.netlify.app/page4,46,105,1,5,8,177,2,1,9,0,200,542,83,1
1,https://chipper-creponne-32db5f.netlify.app/page4,41,113,1,5,8,137,2,0,8,0,200,694,79,1
1,https://chipper-creponne-32db5f.netlify.app/page4,46,114,1,5,8,169,2,0,6,0,200,690,76,1
1,https://chipper-creponne-32db5f.netlify.app/page4,49,116,1,5,8,163,2,0,10,0,200,703,81,1
1,https://chipper-creponne-32db5f.netlify.app/page2,47,115,1,4,6,110,0,0,5,0,200,685,70,1
1,https://chipper-creponne-32db5f.netlify.app/page2,46,104,1,4,6,116,1,1,6,0,200,714,68,1
1,https://chipper-creponne-32db5f.netlify.app/page2,42,116,1,4,6,109,0,1,4,0,200,533,70,1
1,https://chipper-creponne-32db5f.netlify.app/page2,43,99,1,4,6,148,0,0,10,0,200,555,77,1
1,https://chipper-creponne-32db5f.netlify.app/page2,42,98,1,4,6,124,0,1,6,0,200,535,73,1
1,https://chipper-creponne-32db5f.netlify.app/page2,49,112,1,4,6,113,0,0,6,0,200,638,74,1
1,https://chipper-creponne-32db5f.netlify.app/page2,42,116,1,4,6,128,0,0,4,0,200,771,72,1
1,https://chipper-creponne-32db5f.netlify.app/page2,42,115,1,4,6,147,0,0,6,0,200,671,73,1
1,https://chipper-creponne-32db5f.netlify.app/page2,47,113,1,4,6,118,0,1,6,0,200,593,78,1
1,https://chipper-creponne-32db5f.netlify.app/page2,44,97,1,4,6,123,0,0,7,0,200,568,71,1
1,https://chipper-creponne-32db5f.netlify.app/page2,42,103,1,4,6,102,0,0,6,0,200,640,72,1
1,https://chipper-creponne-32db5f.netlify.app/page2,43,116,1,4,6,117,0,1,6,0,200,693,74,1
1,https://chipper-creponne-32db5f.netlify.app/page2,46,106,1,4,6,105,0,1,7,0,200,771,68,1
1,https://chipper-creponne-32db5f.netlify.app/page2,46,100,1,4,6,148,0,1,4,0,200,727,70,1
1,https://chipper-creponne-32db5f.netlify.app/page2,43,102,1,4,6,144,0,0,4,0,200,669,74,1
1,https://chipper-creponne-32db5f.netlify.app/page2,44,111,1,4,6,126,0,0,9,0,200,746,74,1
1,https://chipper-creponne-32db5f.netlify.app/page2,49,116,1,4,6,124,0,0,7,0,200,828,75,1
1,https://chipper-creponne-32db5f.netlify.app/page2,47,97,1,4,6,123,0,0,8,0,200,739,69,1
1,https://chipper-creponne-32db5f.netlify.app/page2,49,111,1,4,6,132,2,0,5,0,200,755,68,1
1,https://chipper-creponne-32db5f.netlify.app/page2,47,98,1,4,6,106,2,0,8,0,200,808,74,1
1,https://chipper-creponne-32db5f.netlify.app/page2,50,103,1,4,6,151,1,1,4,0,200,737,72,1
1,https://chipper-creponne-32db5f.netlify.app/page2,44,107,1,4,6,134,1,0,10,0,200,647,69,1
1,https://chipper-creponne-32db5f.netlify.app/page2,50,116,1,4,6,123,0,0,7,0,200,769,68,1
1,https://chipper-creponne-32db5f.netlify.app/page2,50,99,1,4,6,138,0,0,9,0,200,813,74,1
1,https://chipper-creponne-32db5f.netlify.app/page2,44,102,1,4,6,144,0,0,5,0,200,552,74,1
1,https://chipper-creponne-32db5f.netlify.app/page2,50,101,1,4,6,144,0,0,8,0,200,669,78,1
1,https://chipper-creponne-32db5f.netlify.app/page2,46,114,1,4,6,110,0,0,8,0,200,745,78,1
1,https://chipper-creponne-32db5f.netlify.app/page2,50,106,1,4,6,109,0,0,10,0,200,760,70,1
1,https://chipper-creponne-32db5f.netlify.app/page2,49,97,1,4,6,142,1,0,5,0,200,579,74,1
1,https://chipper-creponne-32db5f.netlify.app/page2,47,107,1,4,6,135,0,1,9,0,200,817,76,1
1,https://chipper-creponne-32db5f.netlify.app/page2,45,102,1,4,6,136,0,0,7,0,200,608,76,1
1,https://chipper-creponne-32db5f.netlify.app/page2,42,116,1,4,6,138,2,0,9,0,200,662,73,1
1,https://chipper-creponne-32db5f.netlify.app/page2,47,110,1,4,6,114,1,0,4,0,200,724,74,1
1,https://chipper-creponne-32db5f.netlify.app/page2,47,115,1,4,6,118,2,0,9,0,200,544,76,1
1,https://chipper-creponne-32db5f.netlify.app/page2,46,98,1,4,6,116,0,0,4,0,200,616,70,1
1,https://chipper-creponne-32db5f.netlify.app/page2,48,107,1,4,6,113,0,0,7,0,200,603,77,1
1,https://chipper-creponne-32db5f.netlify.app/page2,43,109,1,4,6,106,0,1,5,0,200,632,72,1
1,https://chipper-creponne-32db5f.netlify.app/page2,47,113,1,4,6,108,2,1,5,0,200,806,70,1
1,https://chipper-creponne-32db5f.netlify.app/page2,43,100,1,4,6,138,0,0,4,0,200,829,71,1
1,https://chipper-creponne-32db5f.netlify.app/page2,50,100,1,4,6,134,0,0,7,0,200,590,70,1
1,https://chipper-creponne-32db5f.netlify.app/page2,46,116,1,4,6,113,1,1,9,0,200,741,77,1
1,https://chipper-creponne-32db5f.netlify.app/page2,46,109,1,4,6,115,2,1,9,0,200,651,72,1
1,https://chipper-creponne-32db5f.netlify.app/page2,44,111,1,4,6,119,1,1,4,0,200,830,73,1
1,https://chipper-creponne-32db5f.netlify.app/page2,44,110,1,4,6,151,1,0,4,0,200,826,71,1
1,https://chipper-creponne-32db5f.netlify.app/page2,43,114,1,4,6,134,0,0,8,0,200,563,71,1
1,https://chipper-creponne-32db5f.netlify.app/page2,42,102,1,4,6,150,0,1,7,0,200,645,76,1
1,https://chipper-creponne-32db5f.netlify.app/page2,44,97,1,4,6,102,1,0,10,0,200,590,77,1
1,https://chipper-creponne-32db5f.netlify.app/page2,48,99,1,4,6,139,2,0,9,0,200,811,78,1
1,https://chipper-creponne-32db5f.netlify.app/page2,46,110,1,4,6,137,0,1,6,0,200,573,68,1
1,https://chipper-creponne-32db5f.netlify.app/page2,42,98,1,4,6,117,1,1,7,0,200,549,71,1
1,https://chipper-creponne-32db5f.netlify.app,53,117,1,0,2,48,3,0,5,0,200,826,70,1
1,https://chipper-creponne-32db5f.netlify.app,58,108,1,0,2,56,2,0,7,0,200,600,74,1
1,https://chipper-creponne-32db5f.netlify.app,56,112,1,0,2,60,1,0,1,0,200,783,68,1
1,https://chipper-creponne-32db5f.netlify.app,53,110,1,0,2,53,3,1,6,0,200,756,68,1
1,https://chipper-creponne-32db5f.netlify.app,54,101,1,0,2,52,2,0,3,0,200,694,76,1
1,https://chipper-creponne-32db5f.netlify.app,54,104,1,0,2,61,3,1,7,0,200,837,75,1
1,https://chipper-creponne-32db5f.netlify.app,50,113,1,0,2,62,1,0,2,0,200,854,71,1
1,https://chipper-creponne-32db5f.netlify.app,51,115,1,0,2,64,1,1,7,0,200,549,75,1
1,https://chipper-creponne-32db5f.netlify.app,58,119,1,0,2,46,1,1,6,0,200,818,73,1
1,https://chipper-creponne-32db5f.netlify.app,52,114,1,0,2,63,2,0,5,0,200,535,73,1
1,https://chipper-creponne-32db5f.netlify.app,50,110,1,0,2,59,0,1,7,0,200,597,74,1
1,https://chipper-creponne-32db5f.netlify.app,51,111,1,0,2,64,3,0,6,0,200,558,76,1
1,https://chipper-creponne-32db5f.netlify.app,54,104,1,0,2,55,0,0,1,0,200,677,68,1
1,https://chipper-creponne-32db5f.netlify.app,53,103,1,0,2,54,2,1,6,0,200,596,74,1
1,https://chipper-creponne-32db5f.netlify.app,57,99,1,0,2,56,0,1,4,0,200,598,78,1
1,https://chipper-creponne-32db5f.netlify.app,51,114,1,0,2,55,3,1,3,0,200,838,74,1
1,https://chipper-creponne-32db5f.netlify.app,55,118,1,0,2,56,1,0,5,0,200,531,77,1
1,https://chipper-creponne-32db5f.netlify.app,55,109,1,0,2,44,0,0,4,0,200,577,70,1
1,https://chipper-creponne-32db5f.netlify.app,50,104,1,0,2,48,1,1,4,0,200,833,74,1
1,https://chipper-creponne-32db5f.netlify.app,52,108,1,0,2,54,2,0,6,0,200,553,71,1
1,https://chipper-creponne-32db5f.netlify.app,59,115,1,0,2,56,0,1,1,0,200,604,78,1
1,https://chipper-creponne-32db5f.netlify.app,49,101,1,0,2,58,2,0,6,0,200,589,71,1
1,https://chipper-creponne-32db5f.netlify.app,57,104,1,0,2,53,3,0,6,0,200,612,69,1
1,https://chipper-creponne-32db5f.netlify.app,52,119,1,0,2,43,0,0,3,0,200,748,73,1
1,https://chipper-creponne-32db5f.netlify.app,50,111,1,0,2,62,0,1,6,0,200,609,74,1
1,https://chipper-creponne-32db5f.netlify.app,54,103,1,0,2,55,2,1,3,0,200,723,74,1
1,https://chipper-creponne-32db5f.netlify.app,56,106,1,0,2,51,2,0,6,0,200,634,69,1
1,https://chipper-creponne-32db5f.netlify.app,58,110,1,0,2,49,2,1,6,0,200,704,70,1
1,https://chipper-creponne-32db5f.netlify.app,51,112,1,0,2,44,3,0,2,0,200,828,70,1
1,https://chipper-creponne-32db5f.netlify.app,53,110,1,0,2,63,2,0,1,0,200,753,70,1
1,https://chipper-creponne-32db5f.netlify.app,53,109,1,0,2,55,0,1,6,0,200,542,75,1
1,https://chipper-creponne-32db5f.netlify.app,58,120,1,0,2,57,0,0,6,0,200,770,68,1
1,https://chipper-creponne-32db5f.netlify.app,48,112,1,0,2,43,3,1,5,0,200,781,68,1
1,https://chipper-creponne-32db5f.netlify.app,49,108,1,0,2,48,3,0,1,0,200,794,71,1
1,https://chipper-creponne-32db5f.netlify.app,57,115,1,0,2,47,3,0,4,0,200,707,74,1
1,https://chipper-creponne-32db5f.netlify.app,55,103,1,0,2,45,0,0,2,0,200,765,77,1
1,https://chipper-creponne-32db5f.netlify.app,51,102,1,0,2,54,0,1,2,0,200,830,78,1
1,https://chipper-creponne-32db5f.netlify.app,49,118,1,0,2,44,0,1,6,0,200,642,75,1
1,https://chipper-creponne-32db5f.netlify.app,54,117,1,0,2,50,0,0,5,0,200,750,77,1
1,https://chipper-creponne-32db5f.netlify.app,54,112,1,0,2,60,3,0,1,0,200,582,77,1
1,https://chipper-creponne-32db5f.netlify.app,58,101,1,0,2,43,1,1,7,0,200,715,70,1
1,https://chipper-creponne-32db5f.netlify.app,53,117,1,0,2,47,0,0,1,0,200,566,69,1
1,https://chipper-creponne-32db5f.netlify.app,52,109,1,0,2,60,0,0,5,0,200,853,74,1
1,https://chipper-creponne-32db5f.netlify.app,48,105,1,0,2,46,0,0,4,0,200,652,74,1
1,https://chipper-creponne-32db5f.netlify.app,51,103,1,0,2,54,0,0,4,0,200,831,78,1
1,https://chipper-creponne-32db5f.netlify.app,54,102,1,0,2,64,0,1,7,0,200,651,78,1
1,https://chipper-creponne-32db5f.netlify.app,57,110,1,0,2,56,2,0,4,0,200,560,78,1
1,https://chipper-creponne-32db5f.netlify.app,51,113,1,0,2,52,3,0,4,0,200,706,78,1
1,https://chipper-creponne-32db5f.netlify.app,50,111,1,0,2,48,1,0,5,0,200,741,70,1
1,https://chipper-creponne-32db5f.netlify.app,57,108,1,0,2,52,0,1,1,0,200,812,73,1
1,https://chipper-creponne-32db5f.netlify.app/page5,43,75,1,2,6,107,0,1,4,0,200,496,68,1
1,https://chipper-creponne-32db5f.netlify.app/page5,40,80,1,2,6,123,0,0,5,0,200,713,78,1
1,https://chipper-creponne-32db5f.netlify.app/page5,44,78,1,2,6,122,0,0,6,0,200,559,76,1
1,https://chipper-creponne-32db5f.netlify.app/page5,42,84,1,2,6,113,1,1,4,0,200,579,78,1
1,https://chipper-creponne-32db5f.netlify.app/page5,43,90,1,2,6,117,2,0,5,0,200,564,72,1
1,https://chipper-creponne-32db5f.netlify.app/page5,46,88,1,2,6,117,0,1,8,0,200,677,78,1
1,https://chipper-creponne-32db5f.netlify.app/page5,42,85,1,2,6,104,2,0,7,0,200,665,73,1
1,https://chipper-creponne-32db5f.netlify.app/page5,47,88,1,2,6,117,0,0,6,0,200,462,72,1
1,https://chipper-creponne-32db5f.netlify.app/page5,40,76,1,2,6,97,2,0,9,0,200,672,73,1
1,https://chipper-creponne-32db5f.netlify.app/page5,39,75,1,2,6,119,0,0,9,0,200,466,75,1
1,https://chipper-creponne-32db5f.netlify.app/page5,39,80,1,2,6,138,0,0,3,0,200,661,72,1
1,https://chipper-creponne-32db5f.netlify.app/page5,42,74,1,2,6,131,0,0,3,0,200,517,78,1
1,https://chipper-creponne-32db5f.netlify.app/page5,42,82,1,2,6,139,1,0,7,0,200,467,75,1
1,https://chipper-creponne-32db5f.netlify.app/page5,41,78,1,2,6,128,0,1,3,0,200,507,70,1
1,https://chipper-creponne-32db5f.netlify.app/page5,45,83,1,2,6,129,1,0,8,0,200,629,75,1
1,https://chipper-creponne-32db5f.netlify.app/page5,43,82,1,2,6,108,2,0,9,0,200,718,73,1
1,https://chipper-creponne-32db5f.netlify.app/page5,44,81,1,2,6,122,2,1,4,0,200,483,77,1
1,https://chipper-creponne-32db5f.netlify.app/page5,44,86,1,2,6,96,0,0,7,0,200,566,77,1
1,https://chipper-creponne-32db5f.netlify.app/page5,40,88,1,2,6,137,0,1,7,0,200,592,73,1
1,https://chipper-creponne-32db5f.netlify.app/page5,39,89,1,2,6,133,0,0,6,0,200,453,73,1
1,https://chipper-creponne-32db5f.netlify.app/page5,40,77,1,2,6,128,0,0,8,0,200,550,72,1
1,https://chipper-creponne-32db5f.netlify.app/page5,46,77,1,2,6,137,1,1,9,0,200,540,76,1
1,https://chipper-creponne-32db5f.netlify.app/page5,46,86,1,2,6,136,2,1,8,0,200,451,69,1
1,https://chipper-creponne-32db5f.netlify.app/page5,44,84,1,2,6,116,0,1,5,0,200,715,74,1
1,https://chipper-creponne-32db5f.netlify.app/page5,42,75,1,2,6,111,0,0,4,0,200,470,74,1
1,https://chipper-creponne-32db5f.netlify.app/page5,41,74,1,2,6,111,0,0,4,0,200,524,70,1
1,https://chipper-creponne-32db5f.netlify.app/page5,40,74,1,2,6,132,0,1,8,0,200,558,75,1
1,https://chipper-creponne-32db5f.netlify.app/page5,43,87,1,2,6,125,0,0,5,0,200,491,73,1
1,https://chipper-creponne-32db5f.netlify.app/page5,44,74,1,2,6,120,2,0,7,0,200,635,71,1
1,https://chipper-creponne-32db5f.netlify.app/page5,39,78,1,2,6,119,0,1,5,0,200,532,68,1
1,https://chipper-creponne-32db5f.netlify.app/page5,46,78,1,2,6,115,0,0,5,0,200,523,71,1
1,https://chipper-creponne-32db5f.netlify.app/page5,44,81,1,2,6,109,0,0,5,0,200,599,78,1
1,https://chipper-creponne-32db5f.netlify.app/page5,46,88,1,2,6,131,0,0,8,0,200,452,77,1
1,https://chipper-creponne-32db5f.netlify.app/page5,45,85,1,2,6,123,1,0,8,0,200,706,74,1
1,https://chipper-creponne-32db5f.netlify.app/page5,39,77,1,2,6,131,0,0,7,0,200,611,69,1
1,https://chipper-creponne-32db5f.netlify.app/page5,42,80,1,2,6,125,1,1,9,0,200,627,70,1
1,https://chipper-creponne-32db5f.netlify.app/page5,44,82,1,2,6,130,1,1,6,0,200,675,76,1
1,https://chipper-creponne-32db5f.netlify.app/page5,39,84,1,2,6,108,0,0,7,0,200,669,74,1
1,https://chipper-creponne-32db5f.netlify.app/page5,44,75,1,2,6,103,0,1,4,0,200,584,76,1
1,https://chipper-creponne-32db5f.netlify.app/page5,45,84,1,2,6,129,0,0,9,0,200,612,77,1
1,https://chipper-creponne-32db5f.netlify.app/page5,46,86,1,2,6,132,1,1,4,0,200,640,70,1
1,https://chipper-creponne-32db5f.netlify.app/page5,45,89,1,2,6,113,0,1,6,0,200,633,70,1
1,https://chipper-creponne-32db5f.netlify.app/page5,41,84,1,2,6,116,1,1,3,0,200,477,77,1
1,https://chipper-creponne-32db5f.netlify.app/page5,40,80,1,2,6,95,0,0,7,0,200,675,75,1
1,https://chipper-creponne-32db5f.netlify.app/page5,45,84,1,2,6,106,0,0,7,0,200,699,74,1
1,https://chipper-creponne-32db5f.netlify.app/page5,44,89,1,2,6,107,0,0,8,0,200,673,76,1
1,https://chipper-creponne-32db5f.netlify.app/page5,46,88,1,2,6,96,0,1,4,0,200,668,78,1
1,https://chipper-creponne-32db5f.netlify.app/page5,42,85,1,2,6,123,1,0,9,0,200,486,77,1
1,https://chipper-creponne-32db5f.netlify.app/page5,43,87,1,2,6,108,0,0,3,0,200,549,73,1
1,https://chipper-creponne-32db5f.netlify.app/page5,40,80,1,2,6,137,0,0,8,0,200,482,75,1
4,https://jazzy-otter-3fa56a.netlify.app/,37,0,0,5,3,277,17,1,0,0,200,1108,43,1
4,https://jazzy-otter-3fa56a.netlify.app/,34,0,0,5,3,245,13,0,0,0,200,1093,38,1
4,https://jazzy-otter-3fa56a.netlify.app/,40,0,0,5,3,266,15,1,6,0,200,1334,41,1
4,https://jazzy-otter-3fa56a.netlify.app/,36,0,0,5,3,228,16,0,0,0,200,1231,38,1
4,https://jazzy-otter-3fa56a.netlify.app/,35,0,0,5,3,294,15,0,4,0,200,1323,36,1
4,https://jazzy-otter-3fa56a.netlify.app/,36,0,0,5,3,219,15,1,5,0,200,1447,39,1
4,https://jazzy-otter-3fa56a.netlify.app/,34,0,0,5,3,279,15,0,6,0,200,1290,42,1
4,https://jazzy-otter-3fa56a.netlify.app/,38,0,0,5,3,267,14,1,1,0,200,1335,42,1
4,https://jazzy-otter-3fa56a.netlify.app/,38,0,0,5,3,216,14,0,2,0,200,1105,36,1
4,https://jazzy-otter-3fa56a.netlify.app/,34,0,0,5,3,255,15,0,3,0,200,954,37,1
4,https://jazzy-otter-3fa56a.netlify.app/,35,0,0,5,3,218,15,1,4,0,200,1350,39,1
4,https://jazzy-otter-3fa56a.netlify.app/,34,0,0,5,3,269,17,1,5,0,200,1302,39,1
4,https://jazzy-otter-3fa56a.netlify.app/,35,0,0,5,3,283,15,1,0,0,200,1289,43,1
4,https://jazzy-otter-3fa56a.netlify.app/,35,0,0,5,3,249,15,1,0,0,200,1143,42,1
4,https://jazzy-otter-3fa56a.netlify.app/,38,0,0,5,3,259,16,0,2,0,200,1253,43,1
4,https://jazzy-otter-3fa56a.netlify.app/,38,0,0,5,3,281,15,1,1,0,200,1108,35,1
4,https://jazzy-otter-3fa56a.netlify.app/,35,0,0,5,3,219,16,0,2,0,200,998,37,1
4,https://jazzy-otter-3fa56a.netlify.app/,34,0,0,5,3,309,15,1,1,0,200,1457,35,1
4,https://jazzy-otter-3fa56a.netlify.app/,33,0,0,5,3,278,14,1,2,0,200,1109,37,1
4,https://jazzy-otter-3fa56a.netlify.app/,36,0,0,5,3,292,13,1,1,0,200,1171,37,1
4,https://jazzy-otter-3fa56a.netlify.app/,35,0,0,5,3,254,15,0,6,0,200,1515,38,1
4,https://jazzy-otter-3fa56a.netlify.app/,34,0,0,5,3,265,13,0,1,0,200,1264,35,1
4,https://jazzy-otter-3fa56a.netlify.app/,34,0,0,5,3,287,15,0,1,0,200,1220,45,1
4,https://jazzy-otter-3fa56a.netlify.app/,33,0,0,5,3,280,17,0,0,0,200,1407,38,1
4,https://jazzy-otter-3fa56a.netlify.app/,34,0,0,5,3,218,17,0,6,0,200,1029,39,1
4,https://jazzy-otter-3fa56a.netlify.app/,38,0,0,5,3,294,15,0,3,0,200,958,35,1
4,https://jazzy-otter-3fa56a.netlify.app/,38,0,0,5,3,257,13,1,5,0,200,1055,42,1
4,https://jazzy-otter-3fa56a.netlify.app/,37,0,0,5,3,284,15,1,2,0,200,1085,44,1
4,https://jazzy-otter-3fa56a.netlify.app/,38,0,0,5,3,224,15,0,6,0,200,1388,40,1
4,https://jazzy-otter-3fa56a.netlify.app/,39,0,0,5,3,232,13,0,1,0,200,976,38,1
4,https://jazzy-otter-3fa56a.netlify.app/,36,0,0,5,3,309,13,0,5,0,200,1376,44,1
4,https://jazzy-otter-3fa56a.netlify.app/,36,0,0,5,3,215,15,0,5,0,200,962,38,1
4,https://jazzy-otter-3fa56a.netlify.app/,39,0,0,5,3,285,15,0,3,0,200,1288,42,1
4,https://jazzy-otter-3fa56a.netlify.app/,36,0,0,5,3,315,16,0,2,0,200,1288,41,1
4,https://jazzy-otter-3fa56a.netlify.app/,39,0,0,5,3,232,14,0,6,0,200,1217,44,1
4,https://jazzy-otter-3fa56a.netlify.app/,34,0,0,5,3,237,17,0,1,0,200,1078,40,1
4,https://jazzy-otter-3fa56a.netlify.app/,40,0,0,5,3,245,17,1,6,0,200,944,43,1
4,https://jazzy-otter-3fa56a.netlify.app/,37,0,0,5,3,290,15,0,2,0,200,1298,35,1
4,https://jazzy-otter-3fa56a.netlify.app/,38,0,0,5,3,224,14,0,3,0,200,1095,45,1
4,https://jazzy-otter-3fa56a.netlify.app/,37,0,0,5,3,253,13,0,5,0,200,1364,35,1
4,https://jazzy-otter-3fa56a.netlify.app/,35,0,0,5,3,300,14,0,5,0,200,1394,43,1
4,https://jazzy-otter-3fa56a.netlify.app/,37,0,0,5,3,272,16,1,0,0,200,1207,44,1
4,https://jazzy-otter-3fa56a.netlify.app/,37,0,0,5,3,221,17,0,3,0,200,1071,39,1
4,https://jazzy-otter-3fa56a.netlify.app/,39,0,0,5,3,234,14,0,5,0,200,1226,38,1
4,https://jazzy-otter-3fa56a.netlify.app/,40,0,0,5,3,311,15,1,1,0,200,1443,42,1
4,https://jazzy-otter-3fa56a.netlify.app/,38,0,0,5,3,243,13,1,3,0,200,953,45,1
4,https://jazzy-otter-3fa56a.netlify.app/,38,0,0,5,3,291,15,0,6,0,200,1512,45,1
4,https://jazzy-otter-3fa56a.netlify.app/,35,0,0,5,3,304,15,1,2,0,200,1293,41,1
4,https://jazzy-otter-3fa56a.netlify.app/,34,0,0,5,3,300,17,1,5,0,200,1219,38,1
4,https://jazzy-otter-3fa56a.netlify.app/,37,0,0,5,3,288,14,0,1,0,200,1213,38,1
6,https://ela103.github.io/travel_agency/contact.html,43,121,1,1,7,216,13,1,21,2,200,327,68,1
6,https://ela103.github.io/travel_agency/contact.html,47,130,1,1,7,248,15,1,27,2,200,456,68,1
6,https://ela103.github.io/travel_agency/contact.html,47,124,1,1,7,186,11,0,24,2,200,345,74,1
6,https://ela103.github.io/travel_agency/contact.html,47,115,1,1,7,226,12,0,24,2,200,487,75,1
6,https://ela103.github.io/travel_agency/contact.html,46,129,1,1,7,202,13,0,24,2,200,441,68,1
6,https://ela103.github.io/travel_agency/contact.html,42,126,1,1,7,216,12,1,24,2,200,463,72,1
6,https://ela103.github.io/travel_agency/contact.html,44,130,1,1,7,247,15,0,21,2,200,491,71,1
6,https://ela103.github.io/travel_agency/contact.html,46,119,1,1,7,246,11,1,23,2,200,318,71,1
6,https://ela103.github.io/travel_agency/contact.html,42,136,1,1,7,227,14,0,23,2,200,471,72,1
6,https://ela103.github.io/travel_agency/contact.html,44,118,1,1,7,219,13,0,25,2,200,311,73,1
6,https://ela103.github.io/travel_agency/contact.html,47,128,1,1,7,242,14,1,25,2,200,416,70,1
6,https://ela103.github.io/travel_agency/contact.html,44,119,1,1,7,196,15,1,21,2,200,306,73,1
6,https://ela103.github.io/travel_agency/contact.html,45,131,1,1,7,217,14,0,26,2,200,457,74,1
6,https://ela103.github.io/travel_agency/contact.html,41,133,1,1,7,184,11,1,24,2,200,420,69,1
6,https://ela103.github.io/travel_agency/contact.html,47,114,1,1,7,170,13,0,23,2,200,346,72,1
6,https://ela103.github.io/travel_agency/contact.html,48,126,1,1,7,243,14,0,26,2,200,337,75,1
6,https://ela103.github.io/travel_agency/contact.html,44,125,1,1,7,209,11,0,25,2,200,461,71,1
6,https://ela103.github.io/travel_agency/contact.html,49,132,1,1,7,191,12,0,27,2,200,388,67,1
6,https://ela103.github.io/travel_agency/contact.html,48,136,1,1,7,181,11,1,24,2,200,389,67,1
6,https://ela103.github.io/travel_agency/contact.html,49,120,1,1,7,190,12,0,22,2,200,347,70,1
6,https://ela103.github.io/travel_agency/contact.html,48,127,1,1,7,242,11,0,24,2,200,432,76,1
6,https://ela103.github.io/travel_agency/contact.html,45,136,1,1,7,223,14,1,24,2,200,416,73,1
6,https://ela103.github.io/travel_agency/contact.html,47,113,1,1,7,247,12,1,26,2,200,466,71,1
6,https://ela103.github.io/travel_agency/contact.html,47,131,1,1,7,198,15,1,24,2,200,352,76,1
6,https://ela103.github.io/travel_agency/contact.html,43,118,1,1,7,186,14,0,23,2,200,321,69,1
6,https://ela103.github.io/travel_agency/contact.html,48,121,1,1,7,218,15,1,27,2,200,378,75,1
6,https://ela103.github.io/travel_agency/contact.html,46,126,1,1,7,176,11,1,25,2,200,327,71,1
6,https://ela103.github.io/travel_agency/contact.html,42,128,1,1,7,231,11,0,23,2,200,305,76,1
6,https://ela103.github.io/travel_agency/contact.html,46,131,1,1,7,250,13,0,25,2,200,334,77,1
6,https://ela103.github.io/travel_agency/contact.html,42,136,1,1,7,224,13,0,24,2,200,457,76,1
6,https://ela103.github.io/travel_agency/contact.html,49,129,1,1,7,207,14,1,26,2,200,407,69,1
6,https://ela103.github.io/travel_agency/contact.html,43,120,1,1,7,212,14,0,21,2,200,459,75,1
6,https://ela103.github.io/travel_agency/contact.html,44,137,1,1,7,244,11,0,27,2,200,315,73,1
6,https://ela103.github.io/travel_agency/contact.html,49,128,1,1,7,191,12,1,25,2,200,475,68,1
6,https://ela103.github.io/travel_agency/contact.html,46,124,1,1,7,220,13,1,24,2,200,474,67,1
6,https://ela103.github.io/travel_agency/contact.html,48,129,1,1,7,252,15,0,22,2,200,376,75,1
6,https://ela103.github.io/travel_agency/contact.html,44,119,1,1,7,186,15,0,25,2,200,400,75,1
6,https://ela103.github.io/travel_agency/contact.html,47,127,1,1,7,235,12,0,21,2,200,418,74,1
6,https://ela103.github.io/travel_agency/contact.html,42,119,1,1,7,244,14,1,24,2,200,399,72,1
6,https://ela103.github.io/travel_agency/contact.html,42,128,1,1,7,251,13,1,27,2,200,312,67,1
6,https://ela103.github.io/travel_agency/contact.html,42,129,1,1,7,196,15,0,24,2,200,474,68,1
6,https://ela103.github.io/travel_agency/contact.html,48,116,1,1,7,242,15,0,24,2,200,358,75,1
6,https://ela103.github.io/travel_agency/contact.html,41,131,1,1,7,198,14,0,22,2,200,406,77,1
6,https://ela103.github.io/travel_agency/contact.html,44,134,1,1,7,241,12,1,21,2,200,321,70,1
6,https://ela103.github.io/travel_agency/contact.html,45,115,1,1,7,187,15,0,23,2,200,438,71,1
6,https://ela103.github.io/travel_agency/contact.html,43,132,1,1,7,209,14,1,27,2,200,396,75,1
6,https://ela103.github.io/travel_agency/contact.html,43,133,1,1,7,246,13,1,27,2,200,329,70,1
6,https://ela103.github.io/travel_agency/contact.html,48,126,1,1,7,207,11,0,24,2,200,393,67,1
6,https://ela103.github.io/travel_agency/contact.html,45,133,1,1,7,190,13,0,21,2,200,359,74,1
6,https://ela103.github.io/travel_agency/contact.html,42,117,1,1,7,216,15,0,22,2,200,448,70,1
4,https://jazzy-otter-3fa56a.netlify.app/page,26,0,1,0,1,249,35,32,4,0,200,646,30,1
4,https://jazzy-otter-3fa56a.netlify.app/page,26,0,1,0,1,198,34,31,5,0,200,806,35,1
4,https://jazzy-otter-3fa56a.netlify.app/page,24,0,1,0,1,242,31,33,6,0,200,609,32,1
4,https://jazzy-otter-3fa56a.netlify.app/page,27,0,1,0,1,253,32,31,1,0,200,652,35,1
4,https://jazzy-otter-3fa56a.netlify.app/page,29,0,1,0,1,284,34,32,6,0,200,627,30,1
4,https://jazzy-otter-3fa56a.netlify.app/page,25,0,1,0,1,255,31,32,4,0,200,789,26,1
4,https://jazzy-otter-3fa56a.netlify.app/page,24,0,1,0,1,256,33,33,2,0,200,668,28,1
4,https://jazzy-otter-3fa56a.netlify.app/page,28,0,1,0,1,264,33,31,6,0,200,601,34,1
4,https://jazzy-otter-3fa56a.netlify.app/page,28,0,1,0,1,210,35,31,3,0,200,660,30,1
4,https://jazzy-otter-3fa56a.netlify.app/page,26,0,1,0,1,279,35,32,0,0,200,513,35,1
4,https://jazzy-otter-3fa56a.netlify.app/page,27,0,1,0,1,271,32,31,1,0,200,660,33,1
4,https://jazzy-otter-3fa56a.netlify.app/page,26,0,1,0,1,249,35,31,6,0,200,591,28,1
4,https://jazzy-otter-3fa56a.netlify.app/page,24,0,1,0,1,254,32,33,2,0,200,582,26,1
4,https://jazzy-otter-3fa56a.netlify.app/page,29,0,1,0,1,231,31,33,1,0,200,540,27,1
4,https://jazzy-otter-3fa56a.netlify.app/page,25,0,1,0,1,235,31,33,6,0,200,641,25,1
4,https://jazzy-otter-3fa56a.netlify.app/page,24,0,1,0,1,218,35,31,5,0,200,796,26,1
4,https://jazzy-otter-3fa56a.netlify.app/page,26,0,1,0,1,211,35,32,1,0,200,782,28,1
4,https://jazzy-otter-3fa56a.netlify.app/page,24,0,1,0,1,224,34,32,1,0,200,760,34,1
4,https://jazzy-otter-3fa56a.netlify.app/page,28,0,1,0,1,260,31,31,0,0,200,733,31,1
4,https://jazzy-otter-3fa56a.netlify.app/page,28,0,1,0,1,289,32,31,5,0,200,696,26,1
4,https://jazzy-otter-3fa56a.netlify.app/page,29,0,1,0,1,272,35,31,4,0,200,726,35,1
4,https://jazzy-otter-3fa56a.netlify.app/page,26,0,1,0,1,218,31,33,6,0,200,551,34,1
4,https://jazzy-otter-3fa56a.netlify.app/page,28,0,1,0,1,197,32,31,0,0,200,785,35,1
4,https://jazzy-otter-3fa56a.netlify.app/page,28,0,1,0,1,272,35,33,5,0,200,743,32,1
4,https://jazzy-otter-3fa56a.netlify.app/page,27,0,1,0,1,197,32,31,1,0,200,684,31,1
4,https://jazzy-otter-3fa56a.netlify.app/page,24,0,1,0,1,284,31,31,5,0,200,556,34,1
4,https://jazzy-otter-3fa56a.netlify.app/page,25,0,1,0,1,224,32,32,2,0,200,754,29,1
4,https://jazzy-otter-3fa56a.netlify.app/page,28,0,1,0,1,208,34,33,2,0,200,806,25,1
4,https://jazzy-otter-3fa56a.netlify.app/page,24,0,1,0,1,286,35,32,3,0,200,803,31,1
4,https://jazzy-otter-3fa56a.netlify.app/page,24,0,1,0,1,197,31,32,3,0,200,642,25,1
4,https://jazzy-otter-3fa56a.netlify.app/page,29,0,1,0,1,259,33,32,2,0,200,501,31,1
4,https://jazzy-otter-3fa56a.netlify.app/page,28,0,1,0,1,247,31,33,6,0,200,599,33,1
4,https://jazzy-otter-3fa56a.netlify.app/page,27,0,1,0,1,246,31,33,2,0,200,597,32,1
4,https://jazzy-otter-3fa56a.netlify.app/page,28,0,1,0,1,233,33,33,3,0,200,651,30,1
4,https://jazzy-otter-3fa56a.netlify.app/page,26,0,1,0,1,221,31,31,6,0,200,655,31,1
4,https://jazzy-otter-3fa56a.netlify.app/page,25,0,1,0,1,200,35,33,5,0,200,679,27,1
4,https://jazzy-otter-3fa56a.netlify.app/page,29,0,1,0,1,261,32,33,0,0,200,735,35,1
4,https://jazzy-otter-3fa56a.netlify.app/page,27,0,1,0,1,253,35,33,6,0,200,558,29,1
4,https://jazzy-otter-3fa56a.netlify.app/page,24,0,1,0,1,232,33,31,6,0,200,631,25,1
4,https://jazzy-otter-3fa56a.netlify.app/page,28,0,1,0,1,277,35,33,2,0,200,702,27,1
4,https://jazzy-otter-3fa56a.netlify.app/page,24,0,1,0,1,277,33,31,5,0,200,797,32,1
4,https://jazzy-otter-3fa56a.netlify.app/page,24,0,1,0,1,207,34,33,3,0,200,685,25,1
4,https://jazzy-otter-3fa56a.netlify.app/page,24,0,1,0,1,226,33,32,4,0,200,693,25,1
4,https://jazzy-otter-3fa56a.netlify.app/page,28,0,1,0,1,252,34,33,4,0,200,682,25,1
4,https://jazzy-otter-3fa56a.netlify.app/page,28,0,1,0,1,256,33,31,5,0,200,673,33,1
4,https://jazzy-otter-3fa56a.netlify.app/page,27,0,1,0,1,248,31,33,5,0,200,705,27,1
4,https://jazzy-otter-3fa56a.netlify.app/page,28,0,1,0,1,230,33,32,0,0,200,509,29,1
4,https://jazzy-otter-3fa56a.netlify.app/page,26,0,1,0,1,228,32,32,0,0,200,603,32,1
4,https://jazzy-otter-3fa56a.netlify.app/page,27,0,1,0,1,265,35,33,0,0,200,594,34,1
4,https://jazzy-otter-3fa56a.netlify.app/page,26,0,1,0,1,271,35,33,1,0,200,723,32,1
4,https://jazzy-otter-3fa56a.netlify.app/details,7,0,1,2,8,276,14,12,7,0,200,522,34,1
4,https://jazzy-otter-3fa56a.netlify.app/details,7,0,1,2,8,260,15,12,1,0,200,388,32,1
4,https://jazzy-otter-3fa56a.netlify.app/details,7,0,1,2,8,254,13,13,3,0,200,439,29,1
4,https://jazzy-otter-3fa56a.netlify.app/details,6,0,1,2,8,261,12,13,7,0,200,391,27,1
4,https://jazzy-otter-3fa56a.netlify.app/details,6,0,1,2,8,242,12,12,2,0,200,352,25,1
4,https://jazzy-otter-3fa56a.netlify.app/details,6,0,1,2,8,210,14,11,6,0,200,371,29,1
4,https://jazzy-otter-3fa56a.netlify.app/details,6,0,1,2,8,213,12,12,4,0,200,376,32,1
4,https://jazzy-otter-3fa56a.netlify.app/details,6,0,1,2,8,245,12,11,7,0,200,446,27,1
4,https://jazzy-otter-3fa56a.netlify.app/details,7,0,1,2,8,250,15,11,4,0,200,527,26,1
4,https://jazzy-otter-3fa56a.netlify.app/details,6,0,1,2,8,257,14,13,3,0,200,476,27,1
4,https://jazzy-otter-3fa56a.netlify.app/details,6,0,1,2,8,276,14,11,2,0,200,443,25,1
4,https://jazzy-otter-3fa56a.netlify.app/details,6,0,1,2,8,228,12,11,7,0,200,407,29,1
4,https://jazzy-otter-3fa56a.netlify.app/details,6,0,1,2,8,247,11,11,6,0,200,510,27,1
4,https://jazzy-otter-3fa56a.netlify.app/details,7,0,1,2,8,198,14,12,1,0,200,427,29,1
4,https://jazzy-otter-3fa56a.netlify.app/details,7,0,1,2,8,235,12,12,7,0,200,408,26,1
4,https://jazzy-otter-3fa56a.netlify.app/details,6,0,1,2,8,223,15,12,4,0,200,426,25,1
4,https://jazzy-otter-3fa56a.netlify.app/details,7,0,1,2,8,284,15,13,3,0,200,381,27,1
4,https://jazzy-otter-3fa56a.netlify.app/details,6,0,1,2,8,250,13,13,4,0,200,476,26,1
4,https://jazzy-otter-3fa56a.netlify.app/details,7,0,1,2,8,223,13,13,4,0,200,417,28,1
4,https://jazzy-otter-3fa56a.netlify.app/details,7,0,1,2,8,249,15,13,4,0,200,503,32,1
4,https://jazzy-otter-3fa56a.netlify.app/details,6,0,1,2,8,237,11,12,1,0,200,410,28,1
4,https://jazzy-otter-3fa56a.netlify.app/details,7,0,1,2,8,276,11,11,6,0,200,455,35,1
4,https://jazzy-otter-3fa56a.netlify.app/details,6,0,1,2,8,249,15,11,4,0,200,519,34,1
4,https://jazzy-otter-3fa56a.netlify.app/details,7,0,1,2,8,199,12,12,2,0,200,529,32,1
4,https://jazzy-otter-3fa56a.netlify.app/details,7,0,1,2,8,284,14,11,7,0,200,384,33,1
4,https://jazzy-otter-3fa56a.netlify.app/details,6,0,1,2,8,198,14,12,7,0,200,512,30,1
4,https://jazzy-otter-3fa56a.netlify.app/details,7,0,1,2,8,212,15,11,4,0,200,504,26,1
4,https://jazzy-otter-3fa56a.netlify.app/details,7,0,1,2,8,263,11,12,2,0,200,486,28,1
4,https://jazzy-otter-3fa56a.netlify.app/details,7,0,1,2,8,239,11,11,5,0,200,375,27,1
4,https://jazzy-otter-3fa56a.netlify.app/details,6,0,1,2,8,274,12,11,1,0,200,418,27,1
4,https://jazzy-otter-3fa56a.netlify.app/details,7,0,1,2,8,222,14,12,2,0,200,399,27,1
4,https://jazzy-otter-3fa56a.netlify.app/details,6,0,1,2,8,244,15,11,5,0,200,412,28,1
4,https://jazzy-otter-3fa56a.netlify.app/details,7,0,1,2,8,277,12,12,6,0,200,421,32,1
4,https://jazzy-otter-3fa56a.netlify.app/details,7,0,1,2,8,194,13,12,7,0,200,453,33,1
4,https://jazzy-otter-3fa56a.netlify.app/details,7,0,1,2,8,267,13,13,6,0,200,338,27,1
4,https://jazzy-otter-3fa56a.netlify.app/details,6,0,1,2,8,258,15,12,6,0,200,335,34,1
4,https://jazzy-otter-3fa56a.netlify.app/details,7,0,1,2,8,273,14,11,6,0,200,514,31,1
4,https://jazzy-otter-3fa56a.netlify.app/details,7,0,1,2,8,269,14,12,6,0,200,419,30,1
4,https://jazzy-otter-3fa56a.netlify.app/details,6,0,1,2,8,197,12,12,5,0,200,379,35,1
4,https://jazzy-otter-3fa56a.netlify.app/details,7,0,1,2,8,268,12,13,2,0,200,334,35,1
4,https://jazzy-otter-3fa56a.netlify.app/details,7,0,1,2,8,244,12,13,3,0,200,387,32,1
4,https://jazzy-otter-3fa56a.netlify.app/details,7,0,1,2,8,214,14,11,1,0,200,428,27,1
4,https://jazzy-otter-3fa56a.netlify.app/details,7,0,1,2,8,195,11,11,6,0,200,473,32,1
4,https://jazzy-otter-3fa56a.netlify.app/details,6,0,1,2,8,221,14,12,2,0,200,405,29,1
4,https://jazzy-otter-3fa56a.netlify.app/details,6,0,1,2,8,214,15,13,5,0,200,463,26,1
4,https://jazzy-otter-3fa56a.netlify.app/details,7,0,1,2,8,232,13,11,4,0,200,386,34,1
4,https://jazzy-otter-3fa56a.netlify.app/details,7,0,1,2,8,285,14,13,6,0,200,395,26,1
4,https://jazzy-otter-3fa56a.netlify.app/details,7,0,1,2,8,243,11,12,1,0,200,405,33,1
4,https://jazzy-otter-3fa56a.netlify.app/details,6,0,1,2,8,208,15,13,6,0,200,439,25,1
4,https://jazzy-otter-3fa56a.netlify.app/details,7,0,1,2,8,270,15,13,3,0,200,374,28,1
4,https://jazzy-otter-3fa56a.netlify.app/paiement,7,0,2,7,3,251,5,5,6,0,200,481,22,1
4,https://jazzy-otter-3fa56a.netlify.app/paiement,7,0,2,7,3,349,8,6,1,0,200,334,25,1
4,https://jazzy-otter-3fa56a.netlify.app/paiement,7,0,2,7,3,303,4,7,6,0,200,486,15,1
4,https://jazzy-otter-3fa56a.netlify.app/paiement,7,0,2,7,3,272,5,7,4,0,200,453,21,1
4,https://jazzy-otter-3fa56a.netlify.app/paiement,7,0,2,7,3,274,8,7,5,0,200,498,22,1
4,https://jazzy-otter-3fa56a.netlify.app/paiement,7,0,2,7,3,291,7,6,7,0,200,434,18,1
4,https://jazzy-otter-3fa56a.netlify.app/paiement,7,0,2,7,3,301,5,7,1,0,200,473,23,1
4,https://jazzy-otter-3fa56a.netlify.app/paiement,6,0,2,7,3,342,5,5,4,0,200,455,15,1
4,https://jazzy-otter-3fa56a.netlify.app/paiement,6,0,2,7,3,338,7,5,7,0,200,324,23,1
4,https://jazzy-otter-3fa56a.netlify.app/paiement,7,0,2,7,3,295,4,5,4,0,200,322,16,1
4,https://jazzy-otter-3fa56a.netlify.app/paiement,6,0,2,7,3,252,7,6,6,0,200,340,16,1
4,https://jazzy-otter-3fa56a.netlify.app/paiement,6,0,2,7,3,336,4,5,4,0,200,440,17,1
4,https://jazzy-otter-3fa56a.netlify.app/paiement,6,0,2,7,3,313,7,7,4,0,200,418,17,1
4,https://jazzy-otter-3fa56a.netlify.app/paiement,6,0,2,7,3,268,6,7,7,0,200,404,21,1
4,https://jazzy-otter-3fa56a.netlify.app/paiement,6,0,2,7,3,262,8,5,1,0,200,507,22,1
4,https://jazzy-otter-3fa56a.netlify.app/paiement,6,0,2,7,3,327,5,6,5,0,200,361,24,1
4,https://jazzy-otter-3fa56a.netlify.app/paiement,6,0,2,7,3,236,5,5,4,0,200,499,20,1
4,https://jazzy-otter-3fa56a.netlify.app/paiement,7,0,2,7,3,322,8,5,6,0,200,454,23,1
4,https://jazzy-otter-3fa56a.netlify.app/paiement,7,0,2,7,3,350,7,5,7,0,200,472,15,1
4,https://jazzy-otter-3fa56a.netlify.app/paiement,6,0,2,7,3,289,8,7,5,0,200,408,25,1
4,https://jazzy-otter-3fa56a.netlify.app/paiement,6,0,2,7,3,241,5,6,1,0,200,469,25,1
4,https://jazzy-otter-3fa56a.netlify.app/paiement,7,0,2,7,3,249,7,5,6,0,200,329,23,1
4,https://jazzy-otter-3fa56a.netlify.app/paiement,7,0,2,7,3,287,6,5,1,0,200,481,18,1
4,https://jazzy-otter-3fa56a.netlify.app/paiement,7,0,2,7,3,306,4,7,4,0,200,433,15,1
4,https://jazzy-otter-3fa56a.netlify.app/paiement,7,0,2,7,3,249,8,6,3,0,200,426,15,1
4,https://jazzy-otter-3fa56a.netlify.app/paiement,6,0,2,7,3,337,7,7,3,0,200,453,16,1
4,https://jazzy-otter-3fa56a.netlify.app/paiement,7,0,2,7,3,351,4,7,2,0,200,350,24,1
4,https://jazzy-otter-3fa56a.netlify.app/paiement,7,0,2,7,3,270,7,5,6,0,200,509,24,1
4,https://jazzy-otter-3fa56a.netlify.app/paiement,7,0,2,7,3,306,6,5,1,0,200,421,23,1
4,https://jazzy-otter-3fa56a.netlify.app/paiement,6,0,2,7,3,301,4,7,6,0,200,398,17,1
4,https://jazzy-otter-3fa56a.netlify.app/paiement,6,0,2,7,3,311,7,6,2,0,200,497,16,1
4,https://jazzy-otter-3fa56a.netlify.app/paiement,6,0,2,7,3,309,7,7,4,0,200,320,23,1
4,https://jazzy-otter-3fa56a.netlify.app/paiement,7,0,2,7,3,286,6,6,6,0,200,508,15,1
4,https://jazzy-otter-3fa56a.netlify.app/paiement,7,0,2,7,3,248,4,6,6,0,200,355,22,1
4,https://jazzy-otter-3fa56a.netlify.app/paiement,6,0,2,7,3,351,4,5,1,0,200,405,22,1
4,https://jazzy-otter-3fa56a.netlify.app/paiement,7,0,2,7,3,264,8,5,5,0,200,334,22,1
4,https://jazzy-otter-3fa56a.netlify.app/paiement,7,0,2,7,3,329,7,7,5,0,200,406,25,1
4,https://jazzy-otter-3fa56a.netlify.app/paiement,6,0,2,7,3,251,5,7,4,0,200,321,18,1
4,https://jazzy-otter-3fa56a.netlify.app/paiement,7,0,2,7,3,350,5,5,5,0,200,455,18,1
4,https://jazzy-otter-3fa56a.netlify.app/paiement,6,0,2,7,3,331,4,5,7,0,200,496,19,1
4,https://jazzy-otter-3fa56a.netlify.app/paiement,6,0,2,7,3,351,7,5,1,0,200,326,15,1
4,https://jazzy-otter-3fa56a.netlify.app/paiement,6,0,2,7,3,262,8,5,7,0,200,343,22,1
4,https://jazzy-otter-3fa56a.netlify.app/paiement,7,0,2,7,3,247,7,7,7,0,200,331,22,1
4,https://jazzy-otter-3fa56a.netlify.app/paiement,6,0,2,7,3,321,6,5,2,0,200,469,24,1
4,https://jazzy-otter-3fa56a.netlify.app/paiement,6,0,2,7,3,282,7,7,7,0,200,427,17,1
4,https://jazzy-otter-3fa56a.netlify.app/paiement,7,0,2,7,3,295,4,7,1,0,200,484,19,1
4,https://jazzy-otter-3fa56a.netlify.app/paiement,7,0,2,7,3,293,6,6,6,0,200,402,22,1
4,https://jazzy-otter-3fa56a.netlify.app/paiement,7,0,2,7,3,312,8,6,7,0,200,475,21,1
4,https://jazzy-otter-3fa56a.netlify.app/paiement,7,0,2,7,3,325,8,5,4,0,200,388,19,1
4,https://jazzy-otter-3fa56a.netlify.app/paiement,7,0,2,7,3,236,7,6,5,0,200,397,19,1
5,https://ela103.github.io/cabinet/,71,148,1,6,15,429,0,0,8,0,200,598,68,1
5,https://ela103.github.io/cabinet/,61,162,1,6,15,385,1,0,10,0,200,428,70,1
5,https://ela103.github.io/cabinet/,67,169,1,6,15,394,0,1,14,0,200,509,77,1
5,https://ela103.github.io/cabinet/,62,143,1,6,15,307,1,1,9,0,200,422,73,1
5,https://ela103.github.io/cabinet/,63,171,1,6,15,374,0,1,11,0,200,458,70,1
5,https://ela103.github.io/cabinet/,67,145,1,6,15,296,0,0,12,0,200,535,67,1
5,https://ela103.github.io/cabinet/,70,155,1,6,15,367,1,1,10,0,200,455,70,1
5,https://ela103.github.io/cabinet/,67,170,1,6,15,383,0,0,8,0,200,386,70,1
5,https://ela103.github.io/cabinet/,62,143,1,6,15,354,1,0,9,0,200,529,69,1
5,https://ela103.github.io/cabinet/,71,169,1,6,15,422,0,1,13,0,200,578,74,1
5,https://ela103.github.io/cabinet/,70,148,1,6,15,400,0,0,14,0,200,414,70,1
5,https://ela103.github.io/cabinet/,62,164,1,6,15,390,2,0,10,0,200,397,75,1
5,https://ela103.github.io/cabinet/,59,157,1,6,15,385,0,0,13,0,200,563,73,1
5,https://ela103.github.io/cabinet/,62,161,1,6,15,370,0,1,8,0,200,541,67,1
5,https://ela103.github.io/cabinet/,59,155,1,6,15,328,0,0,11,0,200,437,73,1
5,https://ela103.github.io/cabinet/,66,165,1,6,15,297,0,0,12,0,200,506,75,1
5,https://ela103.github.io/cabinet/,69,146,1,6,15,301,0,0,14,0,200,477,76,1
5,https://ela103.github.io/cabinet/,60,163,1,6,15,415,0,0,10,0,200,441,70,1
5,https://ela103.github.io/cabinet/,62,160,1,6,15,291,0,1,12,0,200,502,67,1
5,https://ela103.github.io/cabinet/,59,174,1,6,15,393,0,0,9,0,200,570,68,1
5,https://ela103.github.io/cabinet/,61,157,1,6,15,295,1,0,9,0,200,465,72,1
5,https://ela103.github.io/cabinet/,63,174,1,6,15,370,1,0,10,0,200,569,77,1
5,https://ela103.github.io/cabinet/,62,156,1,6,15,360,0,0,14,0,200,370,71,1
5,https://ela103.github.io/cabinet/,70,169,1,6,15,362,0,1,12,0,200,536,71,1
5,https://ela103.github.io/cabinet/,69,157,1,6,15,408,1,0,14,0,200,556,77,1
5,https://ela103.github.io/cabinet/,65,151,1,6,15,363,0,1,14,0,200,503,75,1
5,https://ela103.github.io/cabinet/,69,147,1,6,15,335,0,0,11,0,200,443,75,1
5,https://ela103.github.io/cabinet/,62,173,1,6,15,324,2,1,9,0,200,499,71,1
5,https://ela103.github.io/cabinet/,67,149,1,6,15,414,1,0,12,0,200,515,68,1
5,https://ela103.github.io/cabinet/,60,160,1,6,15,425,0,1,8,0,200,463,72,1
5,https://ela103.github.io/cabinet/,60,170,1,6,15,419,1,1,12,0,200,570,71,1
5,https://ela103.github.io/cabinet/,70,144,1,6,15,341,0,0,10,0,200,408,70,1
5,https://ela103.github.io/cabinet/,65,151,1,6,15,316,1,0,10,0,200,509,70,1
5,https://ela103.github.io/cabinet/,60,148,1,6,15,340,2,1,14,0,200,593,74,1
5,https://ela103.github.io/cabinet/,67,147,1,6,15,398,0,0,8,0,200,488,71,1
5,https://ela103.github.io/cabinet/,64,147,1,6,15,359,1,1,14,0,200,573,68,1
5,https://ela103.github.io/cabinet/,61,146,1,6,15,328,2,1,12,0,200,537,69,1
5,https://ela103.github.io/cabinet/,68,170,1,6,15,360,1,0,10,0,200,476,77,1
5,https://ela103.github.io/cabinet/,65,164,1,6,15,310,0,0,9,0,200,404,71,1
5,https://ela103.github.io/cabinet/,66,174,1,6,15,402,0,0,10,0,200,493,69,1
5,https://ela103.github.io/cabinet/,66,143,1,6,15,406,0,1,11,0,200,575,76,1
5,https://ela103.github.io/cabinet/,61,160,1,6,15,401,0,0,8,0,200,600,68,1
5,https://ela103.github.io/cabinet/,62,154,1,6,15,319,0,0,11,0,200,460,71,1
5,https://ela103.github.io/cabinet/,63,171,1,6,15,321,0,0,8,0,200,508,76,1
5,https://ela103.github.io/cabinet/,60,157,1,6,15,311,2,1,8,0,200,497,68,1
5,https://ela103.github.io/cabinet/,59,166,1,6,15,411,0,1,11,0,200,471,71,1
5,https://ela103.github.io/cabinet/,69,165,1,6,15,396,0,0,12,0,200,590,71,1
5,https://ela103.github.io/cabinet/,64,163,1,6,15,361,0,1,9,0,200,565,76,1
5,https://ela103.github.io/cabinet/,67,147,1,6,15,304,0,0,11,0,200,523,71,1
5,https://ela103.github.io/cabinet/,64,164,1,6,15,386,2,1,14,0,200,515,68,1
5,https://ela103.github.io/cabinet/index.html,61,157,1,6,15,375,0,0,13,0,200,505,74,1
5,https://ela103.github.io/cabinet/index.html,67,161,1,6,15,418,0,1,10,0,200,448,72,1
5,https://ela103.github.io/cabinet/index.html,59,161,1,6,15,379,1,1,13,0,200,543,73,1
5,https://ela103.github.io/cabinet/index.html,65,160,1,6,15,359,2,0,12,0,200,482,67,1
5,https://ela103.github.io/cabinet/index.html,66,147,1,6,15,417,0,0,12,0,200,469,70,1
5,https://ela103.github.io/cabinet/index.html,58,159,1,6,15,364,0,0,9,0,200,591,77,1
5,https://ela103.github.io/cabinet/index.html,70,165,1,6,15,354,2,0,10,0,200,531,68,1
5,https://ela103.github.io/cabinet/index.html,58,174,1,6,15,292,0,1,13,0,200,492,77,1
5,https://ela103.github.io/cabinet/index.html,71,153,1,6,15,426,0,1,11,0,200,524,67,1
5,https://ela103.github.io/cabinet/index.html,64,145,1,6,15,399,2,0,12,0,200,437,70,1
5,https://ela103.github.io/cabinet/index.html,65,161,1,6,15,296,1,1,11,0,200,482,72,1
5,https://ela103.github.io/cabinet/index.html,70,174,1,6,15,320,0,0,12,0,200,551,67,1
5,https://ela103.github.io/cabinet/index.html,60,151,1,6,15,293,1,1,8,0,200,454,76,1
5,https://ela103.github.io/cabinet/index.html,61,170,1,6,15,342,1,0,14,0,200,387,69,1
5,https://ela103.github.io/cabinet/index.html,65,172,1,6,15,374,2,0,9,0,200,619,76,1
5,https://ela103.github.io/cabinet/index.html,64,144,1,6,15,310,1,0,14,0,200,498,74,1
5,https://ela103.github.io/cabinet/index.html,64,157,1,6,15,336,0,1,8,0,200,560,69,1
5,https://ela103.github.io/cabinet/index.html,70,151,1,6,15,397,1,0,14,0,200,543,73,1
5,https://ela103.github.io/cabinet/index.html,60,146,1,6,15,312,0,1,8,0,200,545,73,1
5,https://ela103.github.io/cabinet/index.html,68,162,1,6,15,310,0,1,13,0,200,589,76,1
5,https://ela103.github.io/cabinet/index.html,68,167,1,6,15,336,0,1,11,0,200,533,68,1
5,https://ela103.github.io/cabinet/index.html,68,144,1,6,15,401,0,1,10,0,200,475,70,1
5,https://ela103.github.io/cabinet/index.html,59,169,1,6,15,301,0,0,12,0,200,457,71,1
5,https://ela103.github.io/cabinet/index.html,66,162,1,6,15,310,2,0,11,0,200,447,67,1
5,https://ela103.github.io/cabinet/index.html,60,173,1,6,15,414,1,0,10,0,200,399,68,1
5,https://ela103.github.io/cabinet/index.html,68,144,1,6,15,419,0,0,13,0,200,555,75,1
5,https://ela103.github.io/cabinet/index.html,62,161,1,6,15,292,2,0,10,0,200,606,68,1
5,https://ela103.github.io/cabinet/index.html,59,174,1,6,15,406,2,1,9,0,200,588,67,1
5,https://ela103.github.io/cabinet/index.html,59,150,1,6,15,353,1,0,14,0,200,501,76,1
5,https://ela103.github.io/cabinet/index.html,65,169,1,6,15,415,0,0,8,0,200,407,75,1
5,https://ela103.github.io/cabinet/index.html,59,171,1,6,15,345,1,1,13,0,200,419,70,1
5,https://ela103.github.io/cabinet/index.html,65,167,1,6,15,380,2,0,8,0,200,520,69,1
5,https://ela103.github.io/cabinet/index.html,68,164,1,6,15,334,0,0,14,0,200,608,76,1
5,https://ela103.github.io/cabinet/index.html,60,169,1,6,15,373,0,0,10,0,200,439,75,1
5,https://ela103.github.io/cabinet/index.html,65,160,1,6,15,379,1,0,13,0,200,608,76,1
5,https://ela103.github.io/cabinet/index.html,65,156,1,6,15,415,0,0,9,0,200,498,72,1
5,https://ela103.github.io/cabinet/index.html,64,164,1,6,15,329,0,0,8,0,200,427,77,1
5,https://ela103.github.io/cabinet/index.html,61,168,1,6,15,356,2,1,12,0,200,422,77,1
5,https://ela103.github.io/cabinet/index.html,69,166,1,6,15,320,0,1,9,0,200,607,77,1
5,https://ela103.github.io/cabinet/index.html,66,153,1,6,15,428,0,0,9,0,200,408,71,1
5,https://ela103.github.io/cabinet/index.html,70,174,1,6,15,320,1,0,14,0,200,553,75,1
5,https://ela103.github.io/cabinet/index.html,66,145,1,6,15,362,2,0,14,0,200,510,72,1
5,https://ela103.github.io/cabinet/index.html,68,164,1,6,15,432,0,1,13,0,200,593,67,1
5,https://ela103.github.io/cabinet/index.html,65,162,1,6,15,418,2,1,9,0,200,420,75,1
5,https://ela103.github.io/cabinet/index.html,62,144,1,6,15,294,0,1,14,0,200,493,76,1
5,https://ela103.github.io/cabinet/index.html,62,145,1,6,15,309,0,1,11,0,200,433,67,1
5,https://ela103.github.io/cabinet/index.html,65,154,1,6,15,419,0,0,14,0,200,415,76,1
5,https://ela103.github.io/cabinet/index.html,68,170,1,6,15,298,0,1,11,0,200,532,68,1
5,https://ela103.github.io/cabinet/index.html,62,148,1,6,15,323,0,1,10,0,200,614,75,1
5,https://ela103.github.io/cabinet/index.html,62,144,1,6,15,295,0,0,8,0,200,564,72,1
5,https://ela103.github.io/cabinet/appointments.html,39,131,2,5,8,252,1,0,9,0,200,596,64,1
5,https://ela103.github.io/cabinet/appointments.html,40,118,2,5,8,314,0,1,7,0,200,428,57,1
5,https://ela103.github.io/cabinet/appointments.html,38,116,2,5,8,233,0,0,6,0,200,504,56,1
5,https://ela103.github.io/cabinet/appointments.html,41,128,2,5,8,313,0,0,9,0,200,555,58,1
5,https://ela103.github.io/cabinet/appointments.html,39,125,2,5,8,217,0,0,12,0,200,452,57,1
5,https://ela103.github.io/cabinet/appointments.html,43,131,2,5,8,305,0,1,9,0,200,385,58,1
5,https://ela103.github.io/cabinet/appointments.html,40,112,2,5,8,275,0,0,11,0,200,420,60,1
5,https://ela103.github.io/cabinet/appointments.html,38,118,2,5,8,290,0,0,11,0,200,482,63,1
5,https://ela103.github.io/cabinet/appointments.html,43,121,2,5,8,235,2,0,11,0,200,472,61,1
5,https://ela103.github.io/cabinet/appointments.html,41,127,2,5,8,261,1,1,10,0,200,520,62,1
5,https://ela103.github.io/cabinet/appointments.html,36,130,2,5,8,309,0,1,10,0,200,436,60,1
5,https://ela103.github.io/cabinet/appointments.html,41,125,2,5,8,282,0,0,10,0,200,539,59,1
5,https://ela103.github.io/cabinet/appointments.html,43,118,2,5,8,211,0,0,12,0,200,486,63,1
5,https://ela103.github.io/cabinet/appointments.html,42,122,2,5,8,280,0,0,12,0,200,459,61,1
5,https://ela103.github.io/cabinet/appointments.html,36,127,2,5,8,212,0,0,10,0,200,579,58,1
5,https://ela103.github.io/cabinet/appointments.html,42,128,2,5,8,303,1,0,6,0,200,554,63,1
5,https://ela103.github.io/cabinet/appointments.html,40,116,2,5,8,238,0,0,10,0,200,411,62,1
5,https://ela103.github.io/cabinet/appointments.html,36,130,2,5,8,222,2,1,9,0,200,489,59,1
5,https://ela103.github.io/cabinet/appointments.html,38,132,2,5,8,233,2,0,8,0,200,475,61,1
5,https://ela103.github.io/cabinet/appointments.html,37,133,2,5,8,309,0,0,7,0,200,513,61,1
5,https://ela103.github.io/cabinet/appointments.html,43,130,2,5,8,258,0,0,11,0,200,494,64,1
5,https://ela103.github.io/cabinet/appointments.html,39,124,2,5,8,263,0,1,12,0,200,484,55,1
5,https://ela103.github.io/cabinet/appointments.html,37,135,2,5,8,306,0,0,7,0,200,560,63,1
5,https://ela103.github.io/cabinet/appointments.html,37,132,2,5,8,314,0,0,10,0,200,590,56,1
5,https://ela103.github.io/cabinet/appointments.html,42,129,2,5,8,316,2,0,12,0,200,419,65,1
5,https://ela103.github.io/cabinet/appointments.html,36,120,2,5,8,238,2,0,8,0,200,465,56,1
5,https://ela103.github.io/cabinet/appointments.html,39,120,2,5,8,231,0,0,11,0,200,549,57,1
5,https://ela103.github.io/cabinet/appointments.html,36,124,2,5,8,268,0,0,10,0,200,515,56,1
5,https://ela103.github.io/cabinet/appointments.html,40,127,2,5,8,224,0,0,11,0,200,595,58,1
5,https://ela103.github.io/cabinet/appointments.html,43,122,2,5,8,308,0,1,12,0,200,585,55,1
5,https://ela103.github.io/cabinet/appointments.html,37,120,2,5,8,243,0,0,11,0,200,498,59,1
5,https://ela103.github.io/cabinet/appointments.html,41,113,2,5,8,225,2,1,9,0,200,452,61,1
5,https://ela103.github.io/cabinet/appointments.html,36,130,2,5,8,283,2,0,12,0,200,602,57,1
5,https://ela103.github.io/cabinet/appointments.html,40,119,2,5,8,309,0,0,12,0,200,423,63,1
5,https://ela103.github.io/cabinet/appointments.html,39,128,2,5,8,263,1,0,9,0,200,398,58,1
5,https://ela103.github.io/cabinet/appointments.html,43,121,2,5,8,265,1,0,12,0,200,376,60,1
5,https://ela103.github.io/cabinet/appointments.html,39,124,2,5,8,295,0,0,8,0,200,374,55,1
5,https://ela103.github.io/cabinet/appointments.html,43,128,2,5,8,227,0,1,9,0,200,558,59,1
5,https://ela103.github.io/cabinet/appointments.html,39,116,2,5,8,289,1,1,11,0,200,554,59,1
5,https://ela103.github.io/cabinet/appointments.html,39,126,2,5,8,286,2,1,8,0,200,414,58,1
5,https://ela103.github.io/cabinet/appointments.html,39,134,2,5,8,267,0,0,9,0,200,521,56,1
5,https://ela103.github.io/cabinet/appointments.html,41,124,2,5,8,251,1,0,12,0,200,544,55,1
5,https://ela103.github.io/cabinet/appointments.html,39,120,2,5,8,220,0,0,12,0,200,585,57,1
5,https://ela103.github.io/cabinet/appointments.html,43,123,2,5,8,254,0,1,11,0,200,453,59,1
5,https://ela103.github.io/cabinet/appointments.html,40,116,2,5,8,230,2,1,6,0,200,566,56,1
5,https://ela103.github.io/cabinet/appointments.html,42,130,2,5,8,271,0,1,11,0,200,384,58,1
5,https://ela103.github.io/cabinet/appointments.html,38,122,2,5,8,280,0,1,11,0,200,520,61,1
5,https://ela103.github.io/cabinet/appointments.html,38,131,2,5,8,222,0,0,7,0,200,471,60,1
5,https://ela103.github.io/cabinet/appointments.html,42,124,2,5,8,316,2,0,12,0,200,481,60,1
5,https://ela103.github.io/cabinet/appointments.html,39,132,2,5,8,306,1,1,10,0,200,437,60,1
5,https://ela103.github.io/cabinet/doctors.html,32,0,1,1,7,117,1,0,8,0,200,477,49,1
5,https://ela103.github.io/cabinet/doctors.html,29,0,1,1,7,100,2,1,10,0,200,723,47,1
5,https://ela103.github.io/cabinet/doctors.html,34,0,1,1,7,141,1,0,12,0,200,514,49,1
5,https://ela103.github.io/cabinet/doctors.html,35,0,1,1,7,123,4,0,10,0,200,487,46,1
5,https://ela103.github.io/cabinet/doctors.html,33,0,1,1,7,121,4,1,9,0,200,493,51,1
5,https://ela103.github.io/cabinet/doctors.html,28,0,1,1,7,116,2,0,9,0,200,545,49,1
5,https://ela103.github.io/cabinet/doctors.html,31,0,1,1,7,135,2,1,10,0,200,530,43,1
5,https://ela103.github.io/cabinet/doctors.html,29,0,1,1,7,116,4,0,10,0,200,738,48,1
5,https://ela103.github.io/cabinet/doctors.html,32,0,1,1,7,104,1,1,8,0,200,695,49,1
5,https://ela103.github.io/cabinet/doctors.html,29,0,1,1,7,131,2,0,10,0,200,550,48,1
5,https://ela103.github.io/cabinet/doctors.html,28,0,1,1,7,120,4,1,10,0,200,630,46,1
5,https://ela103.github.io/cabinet/doctors.html,33,0,1,1,7,116,2,1,10,0,200,465,51,1
5,https://ela103.github.io/cabinet/doctors.html,34,0,1,1,7,123,2,1,13,0,200,645,43,1
5,https://ela103.github.io/cabinet/doctors.html,33,0,1,1,7,103,1,0,8,0,200,660,49,1
5,https://ela103.github.io/cabinet/doctors.html,32,0,1,1,7,111,4,1,13,0,200,669,43,1
5,https://ela103.github.io/cabinet/doctors.html,32,0,1,1,7,127,1,0,13,0,200,546,43,1
5,https://ela103.github.io/cabinet/doctors.html,35,0,1,1,7,138,3,0,14,0,200,618,44,1
5,https://ela103.github.io/cabinet/doctors.html,28,0,1,1,7,139,4,0,8,0,200,680,43,1
5,https://ela103.github.io/cabinet/doctors.html,29,0,1,1,7,130,4,1,9,0,200,703,49,1
5,https://ela103.github.io/cabinet/doctors.html,30,0,1,1,7,128,1,0,11,0,200,683,51,1
5,https://ela103.github.io/cabinet/doctors.html,33,0,1,1,7,101,5,0,13,0,200,498,43,1
5,https://ela103.github.io/cabinet/doctors.html,29,0,1,1,7,124,5,0,8,0,200,631,49,1
5,https://ela103.github.io/cabinet/doctors.html,31,0,1,1,7,120,3,0,10,0,200,656,46,1
5,https://ela103.github.io/cabinet/doctors.html,29,0,1,1,7,134,1,0,13,0,200,716,51,1
5,https://ela103.github.io/cabinet/doctors.html,29,0,1,1,7,127,4,1,8,0,200,670,46,1
5,https://ela103.github.io/cabinet/doctors.html,32,0,1,1,7,99,1,0,14,0,200,630,50,1
5,https://ela103.github.io/cabinet/doctors.html,30,0,1,1,7,109,5,1,9,0,200,559,52,1
5,https://ela103.github.io/cabinet/doctors.html,30,0,1,1,7,131,4,0,8,0,200,739,47,1
5,https://ela103.github.io/cabinet/doctors.html,30,0,1,1,7,133,1,0,8,0,200,480,49,1
5,https://ela103.github.io/cabinet/doctors.html,33,0,1,1,7,137,2,0,14,0,200,624,47,1
5,https://ela103.github.io/cabinet/doctors.html,34,0,1,1,7,121,1,0,11,0,200,665,50,1
5,https://ela103.github.io/cabinet/doctors.html,32,0,1,1,7,111,3,0,12,0,200,571,51,1
5,https://ela103.github.io/cabinet/doctors.html,34,0,1,1,7,142,3,1,14,0,200,697,51,1
5,https://ela103.github.io/cabinet/doctors.html,34,0,1,1,7,103,4,0,14,0,200,481,46,1
5,https://ela103.github.io/cabinet/doctors.html,29,0,1,1,7,115,3,0,13,0,200,619,50,1
5,https://ela103.github.io/cabinet/doctors.html,35,0,1,1,7,105,5,0,11,0,200,677,48,1
5,https://ela103.github.io/cabinet/doctors.html,29,0,1,1,7,118,1,0,12,0,200,616,43,1
5,https://ela103.github.io/cabinet/doctors.html,32,0,1,1,7,112,3,1,12,0,200,616,47,1
5,https://ela103.github.io/cabinet/doctors.html,30,0,1,1,7,102,3,0,11,0,200,632,44,1
5,https://ela103.github.io/cabinet/doctors.html,32,0,1,1,7,100,5,0,10,0,200,482,47,1
5,https://ela103.github.io/cabinet/doctors.html,32,0,1,1,7,114,3,1,10,0,200,617,48,1
5,https://ela103.github.io/cabinet/doctors.html,32,0,1,1,7,104,2,0,8,0,200,611,44,1
5,https://ela103.github.io/cabinet/doctors.html,33,0,1,1,7,120,2,0,13,0,200,615,49,1
5,https://ela103.github.io/cabinet/doctors.html,32,0,1,1,7,124,4,1,8,0,200,670,50,1
5,https://ela103.github.io/cabinet/doctors.html,30,0,1,1,7,143,4,0,12,0,200,607,43,1
5,https://ela103.github.io/cabinet/doctors.html,30,0,1,1,7,125,2,0,14,0,200,494,43,1
5,https://ela103.github.io/cabinet/doctors.html,35,0,1,1,7,99,2,0,10,0,200,571,47,1
5,https://ela103.github.io/cabinet/doctors.html,34,0,1,1,7,130,1,0,12,0,200,668,52,1
5,https://ela103.github.io/cabinet/doctors.html,30,0,1,1,7,140,1,1,10,0,200,617,44,1
5,https://ela103.github.io/cabinet/doctors.html,34,0,1,1,7,106,5,0,12,0,200,716,43,1
5,https://ela103.github.io/cabinet/services.html,33,108,2,7,13,419,0,0,9,0,200,406,73,1
5,https://ela103.github.io/cabinet/services.html,37,116,2,7,13,438,1,0,12,0,200,405,66,1
5,https://ela103.github.io/cabinet/services.html,31,110,2,7,13,335,0,1,12,0,200,416,72,1
5,https://ela103.github.io/cabinet/services.html,33,109,2,7,13,312,0,0,10,0,200,494,72,1
5,https://ela103.github.io/cabinet/services.html,33,121,2,7,13,392,3,1,12,0,200,372,73,1
5,https://ela103.github.io/cabinet/services.html,33,123,2,7,13,397,2,0,7,0,200,531,74,1
5,https://ela103.github.io/cabinet/services.html,32,107,2,7,13,320,3,0,8,0,200,366,73,1
5,https://ela103.github.io/cabinet/services.html,36,121,2,7,13,335,3,0,6,0,200,415,65,1
5,https://ela103.github.io/cabinet/services.html,35,122,2,7,13,365,2,0,8,0,200,400,73,1
5,https://ela103.github.io/cabinet/services.html,37,114,2,7,13,382,3,1,8,0,200,544,67,1
5,https://ela103.github.io/cabinet/services.html,37,124,2,7,13,416,0,1,10,0,200,411,69,1
5,https://ela103.github.io/cabinet/services.html,37,106,2,7,13,408,0,1,10,0,200,544,66,1
5,https://ela103.github.io/cabinet/services.html,34,118,2,7,13,416,1,0,7,0,200,367,73,1
5,https://ela103.github.io/cabinet/services.html,37,122,2,7,13,364,0,0,12,0,200,463,75,1
5,https://ela103.github.io/cabinet/services.html,32,106,2,7,13,385,3,1,11,0,200,418,72,1
5,https://ela103.github.io/cabinet/services.html,34,104,2,7,13,358,2,0,10,0,200,499,73,1
5,https://ela103.github.io/cabinet/services.html,35,108,2,7,13,422,2,0,7,0,200,373,66,1
5,https://ela103.github.io/cabinet/services.html,34,118,2,7,13,389,2,0,9,0,200,549,72,1
5,https://ela103.github.io/cabinet/services.html,32,108,2,7,13,315,0,0,9,0,200,491,73,1
5,https://ela103.github.io/cabinet/services.html,35,107,2,7,13,407,3,1,8,0,200,452,73,1
5,https://ela103.github.io/cabinet/services.html,37,121,2,7,13,369,3,0,11,0,200,409,68,1
5,https://ela103.github.io/cabinet/services.html,36,119,2,7,13,323,1,0,12,0,200,396,70,1
5,https://ela103.github.io/cabinet/services.html,35,105,2,7,13,329,0,1,11,0,200,475,67,1
5,https://ela103.github.io/cabinet/services.html,33,114,2,7,13,398,2,0,8,0,200,402,71,1
5,https://ela103.github.io/cabinet/services.html,36,124,2,7,13,317,3,0,10,0,200,511,67,1
5,https://ela103.github.io/cabinet/services.html,32,105,2,7,13,408,3,0,9,0,200,534,72,1
5,https://ela103.github.io/cabinet/services.html,31,114,2,7,13,423,0,1,6,0,200,517,68,1
5,https://ela103.github.io/cabinet/services.html,33,103,2,7,13,301,3,0,7,0,200,482,74,1
5,https://ela103.github.io/cabinet/services.html,38,123,2,7,13,436,0,0,6,0,200,387,69,1
5,https://ela103.github.io/cabinet/services.html,36,113,2,7,13,383,3,1,6,0,200,519,66,1
5,https://ela103.github.io/cabinet/services.html,35,112,2,7,13,358,3,0,7,0,200,450,66,1
5,https://ela103.github.io/cabinet/services.html,35,116,2,7,13,299,1,0,6,0,200,509,75,1
5,https://ela103.github.io/cabinet/services.html,35,110,2,7,13,388,0,0,6,0,200,434,71,1
5,https://ela103.github.io/cabinet/services.html,37,111,2,7,13,357,0,0,7,0,200,555,65,1
5,https://ela103.github.io/cabinet/services.html,33,122,2,7,13,331,3,0,8,0,200,458,65,1
5,https://ela103.github.io/cabinet/services.html,37,102,2,7,13,378,2,0,7,0,200,411,68,1
5,https://ela103.github.io/cabinet/services.html,31,103,2,7,13,311,2,0,7,0,200,443,65,1
5,https://ela103.github.io/cabinet/services.html,33,115,2,7,13,333,3,1,6,0,200,515,68,1
5,https://ela103.github.io/cabinet/services.html,37,110,2,7,13,372,0,0,11,0,200,516,65,1
5,https://ela103.github.io/cabinet/services.html,36,103,2,7,13,427,3,1,9,0,200,564,69,1
5,https://ela103.github.io/cabinet/services.html,37,118,2,7,13,366,2,1,10,0,200,511,69,1
5,https://ela103.github.io/cabinet/services.html,31,112,2,7,13,409,0,0,11,0,200,375,68,1
5,https://ela103.github.io/cabinet/services.html,32,110,2,7,13,425,0,1,8,0,200,458,65,1
5,https://ela103.github.io/cabinet/services.html,34,120,2,7,13,371,2,1,11,0,200,541,72,1
5,https://ela103.github.io/cabinet/services.html,36,118,2,7,13,373,1,1,11,0,200,377,70,1
5,https://ela103.github.io/cabinet/services.html,38,106,2,7,13,393,2,0,10,0,200,436,71,1
5,https://ela103.github.io/cabinet/services.html,33,114,2,7,13,376,2,1,9,0,200,440,70,1
5,https://ela103.github.io/cabinet/services.html,33,110,2,7,13,441,3,0,8,0,200,506,72,1
5,https://ela103.github.io/cabinet/services.html,32,108,2,7,13,371,1,1,10,0,200,393,68,1
5,https://ela103.github.io/cabinet/services.html,32,104,2,7,13,416,0,0,6,0,200,565,69,1
5,https://ela103.github.io/cabinet/about.html,27,99,2,5,9,216,0,0,10,0,200,656,53,1
5,https://ela103.github.io/cabinet/about.html,24,90,2,5,9,229,2,1,8,0,200,536,49,1
5,https://ela103.github.io/cabinet/about.html,23,87,2,5,9,176,3,0,7,0,200,547,46,1
5,https://ela103.github.io/cabinet/about.html,25,97,2,5,9,252,3,0,7,0,200,588,50,1
5,https://ela103.github.io/cabinet/about.html,28,97,2,5,9,195,0,1,9,0,200,638,50,1
5,https://ela103.github.io/cabinet/about.html,27,101,2,5,9,203,0,0,11,0,200,557,55,1
5,https://ela103.github.io/cabinet/about.html,26,104,2,5,9,218,0,0,9,0,200,455,49,1
5,https://ela103.github.io/cabinet/about.html,25,94,2,5,9,194,2,0,8,0,200,579,53,1
5,https://ela103.github.io/cabinet/about.html,25,93,2,5,9,180,0,0,12,0,200,632,50,1
5,https://ela103.github.io/cabinet/about.html,24,97,2,5,9,190,0,0,7,0,200,537,53,1
5,https://ela103.github.io/cabinet/about.html,27,88,2,5,9,176,2,1,12,0,200,511,51,1
5,https://ela103.github.io/cabinet/about.html,28,99,2,5,9,229,2,0,8,0,200,476,48,1
5,https://ela103.github.io/cabinet/about.html,25,93,2,5,9,204,1,1,11,0,200,507,46,1
5,https://ela103.github.io/cabinet/about.html,27,86,2,5,9,195,1,0,9,0,200,602,52,1
5,https://ela103.github.io/cabinet/about.html,26,105,2,5,9,253,0,0,11,0,200,679,48,1
5,https://ela103.github.io/cabinet/about.html,26,94,2,5,9,249,0,0,7,0,200,638,50,1
5,https://ela103.github.io/cabinet/about.html,24,93,2,5,9,229,0,1,10,0,200,466,53,1
5,https://ela103.github.io/cabinet/about.html,27,94,2,5,9,184,2,1,9,0,200,531,54,1
5,https://ela103.github.io/cabinet/about.html,27,103,2,5,9,198,3,1,7,0,200,453,55,1
5,https://ela103.github.io/cabinet/about.html,27,104,2,5,9,229,2,1,6,0,200,486,48,1
5,https://ela103.github.io/cabinet/about.html,26,102,2,5,9,251,0,0,12,0,200,558,46,1
5,https://ela103.github.io/cabinet/about.html,26,87,2,5,9,198,0,0,8,0,200,462,50,1
5,https://ela103.github.io/cabinet/about.html,24,94,2,5,9,190,3,0,10,0,200,650,47,1
5,https://ela103.github.io/cabinet/about.html,23,99,2,5,9,209,0,0,8,0,200,531,46,1
5,https://ela103.github.io/cabinet/about.html,25,103,2,5,9,188,3,0,8,0,200,702,55,1
5,https://ela103.github.io/cabinet/about.html,23,101,2,5,9,204,1,0,12,0,200,580,48,1
5,https://ela103.github.io/cabinet/about.html,25,96,2,5,9,222,2,1,8,0,200,612,45,1
5,https://ela103.github.io/cabinet/about.html,27,103,2,5,9,237,1,0,10,0,200,713,52,1
5,https://ela103.github.io/cabinet/about.html,25,103,2,5,9,245,0,0,8,0,200,616,50,1
5,https://ela103.github.io/cabinet/about.html,25,86,2,5,9,236,0,0,10,0,200,648,49,1
5,https://ela103.github.io/cabinet/about.html,27,90,2,5,9,174,0,0,10,0,200,655,55,1
5,https://ela103.github.io/cabinet/about.html,25,91,2,5,9,207,0,1,8,0,200,502,53,1
5,https://ela103.github.io/cabinet/about.html,27,97,2,5,9,254,0,0,11,0,200,476,53,1
5,https://ela103.github.io/cabinet/about.html,23,96,2,5,9,192,0,0,12,0,200,496,55,1
5,https://ela103.github.io/cabinet/about.html,27,98,2,5,9,195,0,0,10,0,200,551,45,1
5,https://ela103.github.io/cabinet/about.html,26,99,2,5,9,248,0,1,7,0,200,654,47,1
5,https://ela103.github.io/cabinet/about.html,25,89,2,5,9,175,0,0,6,0,200,632,53,1
5,https://ela103.github.io/cabinet/about.html,23,95,2,5,9,191,0,1,6,0,200,689,49,1
5,https://ela103.github.io/cabinet/about.html,27,99,2,5,9,196,0,0,8,0,200,603,53,1
5,https://ela103.github.io/cabinet/about.html,27,104,2,5,9,172,0,0,10,0,200,625,54,1
5,https://ela103.github.io/cabinet/about.html,24,90,2,5,9,180,0,1,9,0,200,665,50,1
5,https://ela103.github.io/cabinet/about.html,24,102,2,5,9,176,0,1,9,0,200,485,55,1
5,https://ela103.github.io/cabinet/about.html,28,95,2,5,9,183,0,0,8,0,200,526,48,1
5,https://ela103.github.io/cabinet/about.html,24,94,2,5,9,240,0,0,10,0,200,686,46,1
5,https://ela103.github.io/cabinet/about.html,27,91,2,5,9,210,3,0,8,0,200,566,47,1
5,https://ela103.github.io/cabinet/about.html,25,105,2,5,9,209,2,1,10,0,200,577,45,1
5,https://ela103.github.io/cabinet/about.html,23,98,2,5,9,208,1,0,8,0,200,674,50,1
5,https://ela103.github.io/cabinet/about.html,28,99,2,5,9,172,2,0,11,0,200,485,48,1
5,https://ela103.github.io/cabinet/about.html,28,87,2,5,9,189,3,1,10,0,200,547,55,1
5,https://ela103.github.io/cabinet/about.html,28,94,2,5,9,223,2,0,10,0,200,531,49,1
5,https://ela103.github.io/cabinet/contact.html,24,78,2,3,9,125,2,1,5,0,200,439,38,1
5,https://ela103.github.io/cabinet/contact.html,26,78,2,3,9,107,0,0,6,0,200,443,38,1
5,https://ela103.github.io/cabinet/contact.html,23,74,2,3,9,125,0,0,9,0,200,539,46,1
5,https://ela103.github.io/cabinet/contact.html,26,83,2,3,9,96,1,1,7,0,200,565,45,1
5,https://ela103.github.io/cabinet/contact.html,22,79,2,3,9,120,2,1,10,0,200,497,39,1
5,https://ela103.github.io/cabinet/contact.html,24,83,2,3,9,112,0,0,10,0,200,543,40,1
5,https://ela103.github.io/cabinet/contact.html,25,71,2,3,9,116,2,0,10,0,200,554,48,1
5,https://ela103.github.io/cabinet/contact.html,25,83,2,3,9,99,0,0,6,0,200,394,38,1
5,https://ela103.github.io/cabinet/contact.html,23,74,2,3,9,95,0,1,7,0,200,517,41,1
5,https://ela103.github.io/cabinet/contact.html,27,78,2,3,9,102,1,0,7,0,200,629,40,1
5,https://ela103.github.io/cabinet/contact.html,24,84,2,3,9,117,2,0,5,0,200,473,39,1
5,https://ela103.github.io/cabinet/contact.html,26,77,2,3,9,120,0,1,11,0,200,575,38,1
5,https://ela103.github.io/cabinet/contact.html,23,85,2,3,9,111,0,1,8,0,200,545,47,1
5,https://ela103.github.io/cabinet/contact.html,22,77,2,3,9,89,0,1,5,0,200,575,44,1
5,https://ela103.github.io/cabinet/contact.html,24,73,2,3,9,93,1,0,10,0,200,450,47,1
5,https://ela103.github.io/cabinet/contact.html,26,85,2,3,9,90,0,0,10,0,200,594,39,1
5,https://ela103.github.io/cabinet/contact.html,25,76,2,3,9,127,1,0,9,0,200,536,41,1
5,https://ela103.github.io/cabinet/contact.html,25,84,2,3,9,97,2,0,6,0,200,592,43,1
5,https://ela103.github.io/cabinet/contact.html,27,80,2,3,9,131,0,0,6,0,200,423,40,1
5,https://ela103.github.io/cabinet/contact.html,25,80,2,3,9,90,0,0,8,0,200,470,40,1
5,https://ela103.github.io/cabinet/contact.html,22,74,2,3,9,99,0,0,7,0,200,608,43,1
5,https://ela103.github.io/cabinet/contact.html,25,76,2,3,9,104,0,0,7,0,200,599,44,1
5,https://ela103.github.io/cabinet/contact.html,24,75,2,3,9,94,0,1,9,0,200,560,39,1
5,https://ela103.github.io/cabinet/contact.html,26,79,2,3,9,93,2,1,6,0,200,489,44,1
5,https://ela103.github.io/cabinet/contact.html,24,84,2,3,9,106,0,0,7,0,200,450,39,1
5,https://ela103.github.io/cabinet/contact.html,23,79,2,3,9,93,1,0,9,0,200,556,38,1
5,https://ela103.github.io/cabinet/contact.html,25,73,2,3,9,101,2,0,5,0,200,568,43,1
5,https://ela103.github.io/cabinet/contact.html,24,86,2,3,9,123,1,1,10,0,200,445,44,1
5,https://ela103.github.io/cabinet/contact.html,24,79,2,3,9,125,1,1,8,0,200,513,44,1
5,https://ela103.github.io/cabinet/contact.html,26,85,2,3,9,95,1,1,10,0,200,418,43,1
5,https://ela103.github.io/cabinet/contact.html,25,80,2,3,9,123,1,0,5,0,200,610,43,1
5,https://ela103.github.io/cabinet/contact.html,23,81,2,3,9,115,0,1,7,0,200,531,44,1
5,https://ela103.github.io/cabinet/contact.html,25,72,2,3,9,101,0,1,8,0,200,595,41,1
5,https://ela103.github.io/cabinet/contact.html,24,81,2,3,9,93,0,0,10,0,200,510,43,1
5,https://ela103.github.io/cabinet/contact.html,23,71,2,3,9,122,0,0,6,0,200,533,45,1
5,https://ela103.github.io/cabinet/contact.html,23,81,2,3,9,103,0,1,5,0,200,480,41,1
5,https://ela103.github.io/cabinet/contact.html,23,82,2,3,9,119,0,0,8,0,200,470,44,1
5,https://ela103.github.io/cabinet/contact.html,26,84,2,3,9,113,0,0,10,0,200,453,48,1
5,https://ela103.github.io/cabinet/contact.html,24,72,2,3,9,89,2,1,6,0,200,508,45,1
5,https://ela103.github.io/cabinet/contact.html,24,74,2,3,9,97,1,0,9,0,200,557,46,1
5,https://ela103.github.io/cabinet/contact.html,26,80,2,3,9,90,1,0,8,0,200,574,48,1
5,https://ela103.github.io/cabinet/contact.html,27,81,2,3,9,122,1,1,6,0,200,501,47,1
5,https://ela103.github.io/cabinet/contact.html,27,78,2,3,9,111,0,0,9,0,200,442,40,1
5,https://ela103.github.io/cabinet/contact.html,23,73,2,3,9,90,0,0,11,0,200,541,44,1
5,https://ela103.github.io/cabinet/contact.html,26,80,2,3,9,128,2,0,6,0,200,538,42,1
5,https://ela103.github.io/cabinet/contact.html,22,84,2,3,9,108,0,0,8,0,200,530,40,1
5,https://ela103.github.io/cabinet/contact.html,26,80,2,3,9,96,1,1,8,0,200,401,48,1
5,https://ela103.github.io/cabinet/contact.html,25,76,2,3,9,104,2,0,5,0,200,492,47,1
5,https://ela103.github.io/cabinet/contact.html,22,75,2,3,9,97,0,1,10,0,200,448,45,1
5,https://ela103.github.io/cabinet/contact.html,25,86,2,3,9,114,0,0,8,0,200,422,45,1
5,https://ela103.github.io/cabinet/faq.html,21,133,2,9,11,281,0,0,13,0,200,617,47,1
5,https://ela103.github.io/cabinet/faq.html,19,132,2,9,11,290,1,0,9,0,200,487,52,1
5,https://ela103.github.io/cabinet/faq.html,22,122,2,9,11,265,0,0,14,0,200,637,49,1
5,https://ela103.github.io/cabinet/faq.html,22,132,2,9,11,307,3,1,13,0,200,430,53,1
5,https://ela103.github.io/cabinet/faq.html,22,124,2,9,11,303,1,0,14,0,200,655,45,1
5,https://ela103.github.io/cabinet/faq.html,20,130,2,9,11,251,3,1,9,0,200,507,51,1
5,https://ela103.github.io/cabinet/faq.html,19,141,2,9,11,236,0,1,13,0,200,601,45,1
5,https://ela103.github.io/cabinet/faq.html,20,143,2,9,11,299,0,0,11,0,200,599,55,1
5,https://ela103.github.io/cabinet/faq.html,19,128,2,9,11,279,2,0,9,0,200,642,55,1
5,https://ela103.github.io/cabinet/faq.html,22,124,2,9,11,305,0,0,9,0,200,482,48,1
5,https://ela103.github.io/cabinet/faq.html,19,147,2,9,11,296,0,0,10,0,200,575,47,1
5,https://ela103.github.io/cabinet/faq.html,21,137,2,9,11,318,0,0,13,0,200,552,54,1
5,https://ela103.github.io/cabinet/faq.html,22,126,2,9,11,288,1,1,14,0,200,667,51,1
5,https://ela103.github.io/cabinet/faq.html,19,137,2,9,11,271,1,0,15,0,200,632,45,1
5,https://ela103.github.io/cabinet/faq.html,21,132,2,9,11,272,0,0,15,0,200,569,52,1
5,https://ela103.github.io/cabinet/faq.html,21,140,2,9,11,335,0,0,14,0,200,492,51,1
5,https://ela103.github.io/cabinet/faq.html,21,135,2,9,11,316,0,0,14,0,200,473,46,1
5,https://ela103.github.io/cabinet/faq.html,21,149,2,9,11,256,0,0,14,0,200,461,54,1
5,https://ela103.github.io/cabinet/faq.html,20,128,2,9,11,312,0,1,10,0,200,653,47,1
5,https://ela103.github.io/cabinet/faq.html,20,125,2,9,11,319,3,1,14,0,200,564,46,1
5,https://ela103.github.io/cabinet/faq.html,20,138,2,9,11,345,1,0,9,0,200,621,55,1
5,https://ela103.github.io/cabinet/faq.html,22,132,2,9,11,312,2,1,11,0,200,549,46,1
5,https://ela103.github.io/cabinet/faq.html,22,148,2,9,11,331,0,1,11,0,200,457,49,1
5,https://ela103.github.io/cabinet/faq.html,20,127,2,9,11,307,0,1,14,0,200,473,47,1
5,https://ela103.github.io/cabinet/faq.html,20,142,2,9,11,323,0,0,10,0,200,561,46,1
5,https://ela103.github.io/cabinet/faq.html,21,145,2,9,11,320,2,0,12,0,200,558,50,1
5,https://ela103.github.io/cabinet/faq.html,21,122,2,9,11,247,2,0,11,0,200,544,55,1
5,https://ela103.github.io/cabinet/faq.html,19,132,2,9,11,250,3,0,12,0,200,579,48,1
5,https://ela103.github.io/cabinet/faq.html,19,122,2,9,11,238,0,0,12,0,200,530,52,1
5,https://ela103.github.io/cabinet/faq.html,19,130,2,9,11,252,0,1,11,0,200,608,50,1
5,https://ela103.github.io/cabinet/faq.html,20,131,2,9,11,264,0,1,9,0,200,423,46,1
5,https://ela103.github.io/cabinet/faq.html,21,138,2,9,11,299,0,0,11,0,200,528,55,1
5,https://ela103.github.io/cabinet/faq.html,19,146,2,9,11,350,1,0,14,0,200,535,53,1
5,https://ela103.github.io/cabinet/faq.html,20,138,2,9,11,333,2,1,15,0,200,637,55,1
5,https://ela103.github.io/cabinet/faq.html,20,143,2,9,11,261,0,1,15,0,200,496,47,1
5,https://ela103.github.io/cabinet/faq.html,19,144,2,9,11,268,3,1,9,0,200,579,46,1
5,https://ela103.github.io/cabinet/faq.html,22,138,2,9,11,329,0,1,11,0,200,673,45,1
5,https://ela103.github.io/cabinet/faq.html,19,148,2,9,11,265,0,0,9,0,200,666,54,1
5,https://ela103.github.io/cabinet/faq.html,19,130,2,9,11,254,1,0,9,0,200,630,52,1
5,https://ela103.github.io/cabinet/faq.html,20,124,2,9,11,294,3,0,11,0,200,448,51,1
5,https://ela103.github.io/cabinet/faq.html,19,146,2,9,11,248,3,1,14,0,200,510,49,1
5,https://ela103.github.io/cabinet/faq.html,21,136,2,9,11,237,3,0,13,0,200,498,47,1
5,https://ela103.github.io/cabinet/faq.html,21,131,2,9,11,348,0,0,11,0,200,618,54,1
5,https://ela103.github.io/cabinet/faq.html,22,131,2,9,11,270,1,0,11,0,200,553,54,1
5,https://ela103.github.io/cabinet/faq.html,21,132,2,9,11,309,1,1,12,0,200,512,55,1
5,https://ela103.github.io/cabinet/faq.html,21,123,2,9,11,317,0,0,9,0,200,548,51,1
5,https://ela103.github.io/cabinet/faq.html,19,146,2,9,11,316,0,1,15,0,200,549,52,1
5,https://ela103.github.io/cabinet/faq.html,22,122,2,9,11,278,1,0,11,0,200,535,52,1
5,https://ela103.github.io/cabinet/faq.html,19,148,2,9,11,300,0,1,13,0,200,434,46,1
5,https://ela103.github.io/cabinet/faq.html,20,138,2,9,11,314,3,1,12,0,200,556,52,1
5,https://ela103.github.io/cabinet/blog.html,25,126,2,3,8,218,1,0,8,0,200,557,51,1
5,https://ela103.github.io/cabinet/blog.html,25,109,2,3,8,216,1,1,10,0,200,461,45,1
5,https://ela103.github.io/cabinet/blog.html,29,116,2,3,8,222,1,1,14,0,200,542,45,1
5,https://ela103.github.io/cabinet/blog.html,27,126,2,3,8,201,3,0,14,0,200,372,45,1
5,https://ela103.github.io/cabinet/blog.html,25,105,2,3,8,173,4,1,8,0,200,412,52,1
5,https://ela103.github.io/cabinet/blog.html,27,120,2,3,8,226,3,1,10,0,200,394,55,1
5,https://ela103.github.io/cabinet/blog.html,26,110,2,3,8,181,1,1,10,0,200,448,49,1
5,https://ela103.github.io/cabinet/blog.html,28,125,2,3,8,211,1,0,9,0,200,387,48,1
5,https://ela103.github.io/cabinet/blog.html,27,107,2,3,8,215,5,1,12,0,200,402,52,1
5,https://ela103.github.io/cabinet/blog.html,25,107,2,3,8,217,2,1,8,0,200,376,53,1
5,https://ela103.github.io/cabinet/blog.html,28,108,2,3,8,210,5,1,10,0,200,458,46,1
5,https://ela103.github.io/cabinet/blog.html,26,127,2,3,8,236,3,0,11,0,200,520,46,1
5,https://ela103.github.io/cabinet/blog.html,30,106,2,3,8,226,4,0,14,0,200,525,50,1
5,https://ela103.github.io/cabinet/blog.html,29,117,2,3,8,172,5,0,12,0,200,377,53,1
5,https://ela103.github.io/cabinet/blog.html,30,119,2,3,8,216,2,1,14,0,200,410,48,1
5,https://ela103.github.io/cabinet/blog.html,25,121,2,3,8,205,4,0,8,0,200,400,51,1
5,https://ela103.github.io/cabinet/blog.html,26,105,2,3,8,201,2,0,13,0,200,574,50,1
5,https://ela103.github.io/cabinet/blog.html,27,110,2,3,8,206,4,0,14,0,200,435,54,1
5,https://ela103.github.io/cabinet/blog.html,27,112,2,3,8,219,1,1,12,0,200,580,47,1
5,https://ela103.github.io/cabinet/blog.html,27,110,2,3,8,166,3,0,9,0,200,539,55,1
5,https://ela103.github.io/cabinet/blog.html,27,125,2,3,8,224,3,0,12,0,200,509,47,1
5,https://ela103.github.io/cabinet/blog.html,29,120,2,3,8,162,5,0,14,0,200,392,52,1
5,https://ela103.github.io/cabinet/blog.html,25,114,2,3,8,227,1,0,9,0,200,451,48,1
5,https://ela103.github.io/cabinet/blog.html,28,122,2,3,8,190,4,0,13,0,200,572,49,1
5,https://ela103.github.io/cabinet/blog.html,30,118,2,3,8,209,3,1,14,0,200,430,55,1
5,https://ela103.github.io/cabinet/blog.html,30,125,2,3,8,240,2,1,10,0,200,580,54,1
5,https://ela103.github.io/cabinet/blog.html,27,123,2,3,8,234,1,0,14,0,200,549,54,1
5,https://ela103.github.io/cabinet/blog.html,27,107,2,3,8,191,5,0,8,0,200,406,54,1
5,https://ela103.github.io/cabinet/blog.html,29,105,2,3,8,183,2,0,9,0,200,387,51,1
5,https://ela103.github.io/cabinet/blog.html,27,112,2,3,8,218,3,0,14,0,200,537,46,1
5,https://ela103.github.io/cabinet/blog.html,28,119,2,3,8,237,1,0,10,0,200,424,54,1
5,https://ela103.github.io/cabinet/blog.html,25,118,2,3,8,195,4,0,13,0,200,560,47,1
5,https://ela103.github.io/cabinet/blog.html,29,107,2,3,8,199,1,1,12,0,200,459,48,1
5,https://ela103.github.io/cabinet/blog.html,28,114,2,3,8,194,1,0,14,0,200,458,48,1
5,https://ela103.github.io/cabinet/blog.html,26,117,2,3,8,178,1,1,11,0,200,581,55,1
5,https://ela103.github.io/cabinet/blog.html,27,111,2,3,8,171,5,0,14,0,200,457,48,1
5,https://ela103.github.io/cabinet/blog.html,28,123,2,3,8,213,5,0,10,0,200,561,47,1
5,https://ela103.github.io/cabinet/blog.html,30,110,2,3,8,216,2,0,9,0,200,488,45,1
5,https://ela103.github.io/cabinet/blog.html,25,125,2,3,8,207,3,0,12,0,200,433,48,1
5,https://ela103.github.io/cabinet/blog.html,29,118,2,3,8,236,2,0,12,0,200,477,46,1
5,https://ela103.github.io/cabinet/blog.html,27,121,2,3,8,166,2,0,11,0,200,372,55,1
5,https://ela103.github.io/cabinet/blog.html,27,115,2,3,8,235,5,1,9,0,200,376,51,1
5,https://ela103.github.io/cabinet/blog.html,30,125,2,3,8,214,2,0,11,0,200,578,49,1
5,https://ela103.github.io/cabinet/blog.html,28,109,2,3,8,217,5,0,11,0,200,513,53,1
5,https://ela103.github.io/cabinet/blog.html,29,125,2,3,8,185,4,1,9,0,200,423,48,1
5,https://ela103.github.io/cabinet/blog.html,29,125,2,3,8,193,3,0,14,0,200,390,52,1
5,https://ela103.github.io/cabinet/blog.html,29,118,2,3,8,230,1,0,9,0,200,482,45,1
5,https://ela103.github.io/cabinet/blog.html,30,125,2,3,8,240,5,1,14,0,200,401,46,1
5,https://ela103.github.io/cabinet/blog.html,30,111,2,3,8,236,1,1,11,0,200,561,45,1
5,https://ela103.github.io/cabinet/blog.html,26,126,2,3,8,217,4,0,14,0,200,511,49,1
5,https://ela103.github.io/cabinet/blog-cardiologie.html,52,126,2,4,7,246,0,1,10,0,200,686,62,1
5,https://ela103.github.io/cabinet/blog-cardiologie.html,49,129,2,4,7,307,1,1,7,0,200,1011,58,1
5,https://ela103.github.io/cabinet/blog-cardiologie.html,47,133,2,4,7,264,0,0,11,0,200,654,63,1
5,https://ela103.github.io/cabinet/blog-cardiologie.html,49,126,2,4,7,260,0,0,8,0,200,807,58,1
5,https://ela103.github.io/cabinet/blog-cardiologie.html,47,131,2,4,7,220,2,0,8,0,200,833,56,1
5,https://ela103.github.io/cabinet/blog-cardiologie.html,49,115,2,4,7,226,2,1,13,0,200,1030,59,1
5,https://ela103.github.io/cabinet/blog-cardiologie.html,46,110,2,4,7,246,3,0,8,0,200,850,60,1
5,https://ela103.github.io/cabinet/blog-cardiologie.html,52,122,2,4,7,239,1,0,13,0,200,781,59,1
5,https://ela103.github.io/cabinet/blog-cardiologie.html,54,130,2,4,7,264,3,1,13,0,200,771,57,1
5,https://ela103.github.io/cabinet/blog-cardiologie.html,48,122,2,4,7,227,0,0,12,0,200,874,59,1
5,https://ela103.github.io/cabinet/blog-cardiologie.html,48,129,2,4,7,224,3,0,9,0,200,819,60,1
5,https://ela103.github.io/cabinet/blog-cardiologie.html,48,131,2,4,7,266,0,0,9,0,200,859,55,1
5,https://ela103.github.io/cabinet/blog-cardiologie.html,52,122,2,4,7,246,0,0,11,0,200,960,55,1
5,https://ela103.github.io/cabinet/blog-cardiologie.html,48,123,2,4,7,252,0,0,9,0,200,985,63,1
5,https://ela103.github.io/cabinet/blog-cardiologie.html,50,114,2,4,7,260,0,1,12,0,200,1008,59,1
5,https://ela103.github.io/cabinet/blog-cardiologie.html,45,112,2,4,7,256,3,0,8,0,200,694,64,1
5,https://ela103.github.io/cabinet/blog-cardiologie.html,46,122,2,4,7,292,0,0,11,0,200,742,58,1
5,https://ela103.github.io/cabinet/blog-cardiologie.html,54,113,2,4,7,259,0,1,13,0,200,677,65,1
5,https://ela103.github.io/cabinet/blog-cardiologie.html,47,128,2,4,7,295,0,1,10,0,200,940,57,1
5,https://ela103.github.io/cabinet/blog-cardiologie.html,52,132,2,4,7,260,0,1,13,0,200,675,55,1
5,https://ela103.github.io/cabinet/blog-cardiologie.html,48,130,2,4,7,269,0,0,13,0,200,726,61,1
5,https://ela103.github.io/cabinet/blog-cardiologie.html,52,131,2,4,7,216,0,0,10,0,200,719,62,1
5,https://ela103.github.io/cabinet/blog-cardiologie.html,54,124,2,4,7,255,3,1,10,0,200,874,62,1
5,https://ela103.github.io/cabinet/blog-cardiologie.html,51,111,2,4,7,289,0,0,7,0,200,724,57,1
5,https://ela103.github.io/cabinet/blog-cardiologie.html,45,129,2,4,7,305,0,1,9,0,200,932,59,1
5,https://ela103.github.io/cabinet/blog-cardiologie.html,52,132,2,4,7,248,1,1,8,0,200,987,63,1
5,https://ela103.github.io/cabinet/blog-cardiologie.html,51,110,2,4,7,277,2,0,9,0,200,799,62,1
5,https://ela103.github.io/cabinet/blog-cardiologie.html,45,133,2,4,7,233,3,1,10,0,200,695,62,1
5,https://ela103.github.io/cabinet/blog-cardiologie.html,52,111,2,4,7,283,1,1,7,0,200,822,65,1
5,https://ela103.github.io/cabinet/blog-cardiologie.html,47,128,2,4,7,233,0,0,9,0,200,951,57,1
5,https://ela103.github.io/cabinet/blog-cardiologie.html,50,121,2,4,7,223,1,0,10,0,200,854,56,1
5,https://ela103.github.io/cabinet/blog-cardiologie.html,50,113,2,4,7,240,0,0,12,0,200,1030,61,1
5,https://ela103.github.io/cabinet/blog-cardiologie.html,45,120,2,4,7,262,2,1,11,0,200,813,63,1
5,https://ela103.github.io/cabinet/blog-cardiologie.html,51,126,2,4,7,280,1,0,11,0,200,636,59,1
5,https://ela103.github.io/cabinet/blog-cardiologie.html,51,114,2,4,7,260,0,1,8,0,200,895,60,1
5,https://ela103.github.io/cabinet/blog-cardiologie.html,47,130,2,4,7,283,1,0,13,0,200,1000,65,1
5,https://ela103.github.io/cabinet/blog-cardiologie.html,46,117,2,4,7,230,1,0,7,0,200,897,56,1
5,https://ela103.github.io/cabinet/blog-cardiologie.html,52,113,2,4,7,207,0,0,8,0,200,1004,56,1
5,https://ela103.github.io/cabinet/blog-cardiologie.html,50,115,2,4,7,280,1,0,8,0,200,1012,60,1
5,https://ela103.github.io/cabinet/blog-cardiologie.html,54,117,2,4,7,241,0,1,10,0,200,634,56,1
5,https://ela103.github.io/cabinet/blog-cardiologie.html,51,114,2,4,7,249,3,1,13,0,200,938,56,1
5,https://ela103.github.io/cabinet/blog-cardiologie.html,50,121,2,4,7,240,2,0,9,0,200,928,64,1
5,https://ela103.github.io/cabinet/blog-cardiologie.html,54,116,2,4,7,234,0,0,11,0,200,970,59,1
5,https://ela103.github.io/cabinet/blog-cardiologie.html,48,113,2,4,7,254,3,0,9,0,200,863,63,1
5,https://ela103.github.io/cabinet/blog-cardiologie.html,49,132,2,4,7,246,0,0,13,0,200,827,59,1
5,https://ela103.github.io/cabinet/blog-cardiologie.html,53,121,2,4,7,221,2,0,9,0,200,992,64,1
5,https://ela103.github.io/cabinet/blog-cardiologie.html,49,120,2,4,7,259,0,1,13,0,200,866,55,1
5,https://ela103.github.io/cabinet/blog-cardiologie.html,46,121,2,4,7,216,2,0,10,0,200,782,55,1
5,https://ela103.github.io/cabinet/blog-cardiologie.html,51,118,2,4,7,226,3,1,11,0,200,665,65,1
5,https://ela103.github.io/cabinet/blog-cardiologie.html,50,111,2,4,7,234,3,0,13,0,200,901,59,1
6,https://ela103.github.io/travel_agency/,40,128,4,7,15,929,50,0,31,1,200,410,77,1
6,https://ela103.github.io/travel_agency/,40,134,4,7,15,738,49,1,27,1,200,406,75,1
6,https://ela103.github.io/travel_agency/,39,154,4,7,15,742,49,0,31,1,200,376,75,1
6,https://ela103.github.io/travel_agency/,38,129,4,7,15,912,48,0,26,1,200,281,83,1
6,https://ela103.github.io/travel_agency/,38,133,4,7,15,943,51,0,26,1,200,331,80,1
6,https://ela103.github.io/travel_agency/,39,155,4,7,15,937,51,0,28,1,200,376,81,1
6,https://ela103.github.io/travel_agency/,36,132,4,7,15,700,49,0,26,1,200,378,83,1
6,https://ela103.github.io/travel_agency/,37,149,4,7,15,989,51,0,26,1,200,297,78,1
6,https://ela103.github.io/travel_agency/,36,145,4,7,15,884,47,0,32,1,200,410,84,1
6,https://ela103.github.io/travel_agency/,39,132,4,7,15,871,51,1,30,1,200,288,84,1
6,https://ela103.github.io/travel_agency/,41,139,4,7,15,704,49,0,29,1,200,328,84,1
6,https://ela103.github.io/travel_agency/,39,148,4,7,15,980,49,1,27,1,200,261,76,1
6,https://ela103.github.io/travel_agency/,38,134,4,7,15,867,48,0,27,1,200,345,80,1
6,https://ela103.github.io/travel_agency/,35,134,4,7,15,703,50,0,30,1,200,374,76,1
6,https://ela103.github.io/travel_agency/,34,150,4,7,15,838,49,0,27,1,200,320,75,1
6,https://ela103.github.io/travel_agency/,37,148,4,7,15,947,49,0,28,1,200,362,78,1
6,https://ela103.github.io/travel_agency/,38,153,4,7,15,855,49,1,30,1,200,289,78,1
6,https://ela103.github.io/travel_agency/,36,138,4,7,15,706,50,1,32,1,200,277,82,1
6,https://ela103.github.io/travel_agency/,37,153,4,7,15,759,48,0,32,1,200,405,81,1
6,https://ela103.github.io/travel_agency/,38,151,4,7,15,860,49,1,26,1,200,289,80,1
6,https://ela103.github.io/travel_agency/,36,134,4,7,15,871,47,1,26,1,200,384,76,1
6,https://ela103.github.io/travel_agency/,40,149,4,7,15,980,50,0,32,1,200,387,75,1
6,https://ela103.github.io/travel_agency/,35,127,4,7,15,858,49,0,32,1,200,365,76,1
6,https://ela103.github.io/travel_agency/,36,129,4,7,15,941,48,0,32,1,200,337,77,1
6,https://ela103.github.io/travel_agency/,37,146,4,7,15,749,51,1,30,1,200,288,77,1
6,https://ela103.github.io/travel_agency/,35,154,4,7,15,907,48,1,28,1,200,402,79,1
6,https://ela103.github.io/travel_agency/,34,134,4,7,15,698,48,0,29,1,200,333,83,1
6,https://ela103.github.io/travel_agency/,37,137,4,7,15,993,50,0,29,1,200,259,77,1
6,https://ela103.github.io/travel_agency/,37,142,4,7,15,743,49,1,32,1,200,257,83,1
6,https://ela103.github.io/travel_agency/,38,141,4,7,15,896,49,0,32,1,200,400,75,1
6,https://ela103.github.io/travel_agency/,36,152,4,7,15,765,50,0,31,1,200,350,78,1
6,https://ela103.github.io/travel_agency/,37,156,4,7,15,765,51,1,27,1,200,359,79,1
6,https://ela103.github.io/travel_agency/,35,140,4,7,15,746,47,1,32,1,200,392,81,1
6,https://ela103.github.io/travel_agency/,36,144,4,7,15,936,51,0,32,1,200,336,81,1
6,https://ela103.github.io/travel_agency/,37,131,4,7,15,985,49,1,28,1,200,346,81,1
6,https://ela103.github.io/travel_agency/,38,152,4,7,15,895,47,0,31,1,200,404,82,1
6,https://ela103.github.io/travel_agency/,40,149,4,7,15,818,47,0,29,1,200,317,81,1
6,https://ela103.github.io/travel_agency/,40,137,4,7,15,779,47,1,27,1,200,306,80,1
6,https://ela103.github.io/travel_agency/,35,134,4,7,15,713,49,0,30,1,200,365,82,1
6,https://ela103.github.io/travel_agency/,36,142,4,7,15,837,48,0,32,1,200,368,85,1
6,https://ela103.github.io/travel_agency/,40,146,4,7,15,777,51,0,31,1,200,295,83,1
6,https://ela103.github.io/travel_agency/,41,153,4,7,15,858,51,0,29,1,200,404,80,1
6,https://ela103.github.io/travel_agency/,35,144,4,7,15,714,47,1,32,1,200,345,75,1
6,https://ela103.github.io/travel_agency/,38,147,4,7,15,1037,50,1,30,1,200,338,80,1
6,https://ela103.github.io/travel_agency/,34,151,4,7,15,964,51,0,32,1,200,396,85,1
6,https://ela103.github.io/travel_agency/,34,147,4,7,15,776,48,0,30,1,200,300,76,1
6,https://ela103.github.io/travel_agency/,37,136,4,7,15,758,51,0,32,1,200,311,79,1
6,https://ela103.github.io/travel_agency/,34,138,4,7,15,874,50,0,32,1,200,284,75,1
6,https://ela103.github.io/travel_agency/,37,138,4,7,15,703,50,1,27,1,200,347,77,1
6,https://ela103.github.io/travel_agency/,38,141,4,7,15,1000,49,1,26,1,200,405,81,1
6,https://ela103.github.io/travel_agency/offers.html,0,111,1,0,6,420,33,0,29,1,200,409,68,1
6,https://ela103.github.io/travel_agency/offers.html,0,103,1,0,6,494,34,1,26,1,200,293,67,1
6,https://ela103.github.io/travel_agency/offers.html,0,116,1,0,6,546,32,0,31,1,200,292,59,1
6,https://ela103.github.io/travel_agency/offers.html,0,104,1,0,6,507,34,0,29,1,200,285,64,1
6,https://ela103.github.io/travel_agency/offers.html,0,116,1,0,6,542,31,1,28,1,200,335,64,1
6,https://ela103.github.io/travel_agency/offers.html,0,118,1,0,6,376,33,1,30,1,200,390,62,1
6,https://ela103.github.io/travel_agency/offers.html,0,106,1,0,6,435,32,0,27,1,200,257,66,1
6,https://ela103.github.io/travel_agency/offers.html,0,110,1,0,6,476,32,1,29,1,200,285,60,1
6,https://ela103.github.io/travel_agency/offers.html,0,104,1,0,6,546,33,0,26,1,200,329,60,1
6,https://ela103.github.io/travel_agency/offers.html,0,109,1,0,6,468,35,1,31,1,200,372,68,1
6,https://ela103.github.io/travel_agency/offers.html,0,119,1,0,6,382,31,0,29,1,200,306,60,1
6,https://ela103.github.io/travel_agency/offers.html,0,102,1,0,6,388,35,1,29,1,200,276,68,1
6,https://ela103.github.io/travel_agency/offers.html,0,113,1,0,6,428,31,0,31,1,200,367,62,1
6,https://ela103.github.io/travel_agency/offers.html,0,120,1,0,6,512,33,0,27,1,200,395,60,1
6,https://ela103.github.io/travel_agency/offers.html,0,113,1,0,6,402,35,0,29,1,200,281,61,1
6,https://ela103.github.io/travel_agency/offers.html,0,112,1,0,6,545,31,0,32,1,200,326,66,1
6,https://ela103.github.io/travel_agency/offers.html,0,120,1,0,6,539,31,0,26,1,200,408,69,1
6,https://ela103.github.io/travel_agency/offers.html,0,101,1,0,6,399,33,0,31,1,200,364,60,1
6,https://ela103.github.io/travel_agency/offers.html,0,109,1,0,6,403,33,0,30,1,200,400,60,1
6,https://ela103.github.io/travel_agency/offers.html,0,99,1,0,6,398,31,0,32,1,200,335,61,1
6,https://ela103.github.io/travel_agency/offers.html,0,117,1,0,6,550,31,0,26,1,200,258,63,1
6,https://ela103.github.io/travel_agency/offers.html,0,117,1,0,6,528,35,0,26,1,200,290,68,1
6,https://ela103.github.io/travel_agency/offers.html,0,102,1,0,6,535,33,0,31,1,200,399,69,1
6,https://ela103.github.io/travel_agency/offers.html,0,100,1,0,6,444,34,0,30,1,200,287,66,1
6,https://ela103.github.io/travel_agency/offers.html,0,117,1,0,6,398,34,0,27,1,200,318,59,1
6,https://ela103.github.io/travel_agency/offers.html,0,111,1,0,6,435,32,0,29,1,200,353,63,1
6,https://ela103.github.io/travel_agency/offers.html,0,105,1,0,6,529,34,1,30,1,200,354,65,1
6,https://ela103.github.io/travel_agency/offers.html,0,115,1,0,6,552,32,0,31,1,200,313,60,1
6,https://ela103.github.io/travel_agency/offers.html,0,109,1,0,6,387,34,1,26,1,200,285,60,1
6,https://ela103.github.io/travel_agency/offers.html,0,115,1,0,6,405,34,1,32,1,200,288,65,1
6,https://ela103.github.io/travel_agency/offers.html,0,117,1,0,6,515,33,1,30,1,200,329,66,1
6,https://ela103.github.io/travel_agency/offers.html,0,113,1,0,6,488,34,0,29,1,200,306,63,1
6,https://ela103.github.io/travel_agency/offers.html,0,114,1,0,6,457,35,0,30,1,200,281,66,1
6,https://ela103.github.io/travel_agency/offers.html,0,107,1,0,6,527,35,1,28,1,200,266,68,1
6,https://ela103.github.io/travel_agency/offers.html,0,120,1,0,6,550,34,1,30,1,200,409,66,1
6,https://ela103.github.io/travel_agency/offers.html,0,113,1,0,6,417,35,0,31,1,200,267,68,1
6,https://ela103.github.io/travel_agency/offers.html,0,105,1,0,6,516,32,1,29,1,200,260,69,1
6,https://ela103.github.io/travel_agency/offers.html,0,109,1,0,6,448,35,0,32,1,200,320,60,1
6,https://ela103.github.io/travel_agency/offers.html,0,100,1,0,6,414,35,0,26,1,200,304,60,1
6,https://ela103.github.io/travel_agency/offers.html,0,102,1,0,6,488,33,0,32,1,200,406,59,1
6,https://ela103.github.io/travel_agency/offers.html,0,102,1,0,6,475,35,0,26,1,200,393,66,1
6,https://ela103.github.io/travel_agency/offers.html,0,120,1,0,6,459,33,1,29,1,200,291,66,1
6,https://ela103.github.io/travel_agency/offers.html,0,106,1,0,6,397,34,1,31,1,200,303,65,1
6,https://ela103.github.io/travel_agency/offers.html,0,108,1,0,6,401,32,1,30,1,200,321,69,1
6,https://ela103.github.io/travel_agency/offers.html,0,112,1,0,6,520,31,0,26,1,200,330,67,1
6,https://ela103.github.io/travel_agency/offers.html,0,118,1,0,6,376,33,0,26,1,200,306,66,1
6,https://ela103.github.io/travel_agency/offers.html,0,107,1,0,6,461,34,0,32,1,200,314,68,1
6,https://ela103.github.io/travel_agency/offers.html,0,115,1,0,6,507,32,0,28,1,200,287,64,1
6,https://ela103.github.io/travel_agency/offers.html,0,111,1,0,6,386,35,0,32,1,200,255,69,1
6,https://ela103.github.io/travel_agency/offers.html,0,114,1,0,6,458,31,0,32,1,200,374,66,1
6,https://ela103.github.io/travel_agency/blog.html,26,0,1,0,7,423,22,1,21,7,200,258,62,1
6,https://ela103.github.io/travel_agency/blog.html,26,0,1,0,7,407,21,1,27,7,200,379,72,1
6,https://ela103.github.io/travel_agency/blog.html,30,0,1,0,7,552,19,0,23,7,200,287,72,1
6,https://ela103.github.io/travel_agency/blog.html,28,0,1,0,7,406,20,0,26,7,200,397,64,1
6,https://ela103.github.io/travel_agency/blog.html,28,0,1,0,7,507,19,0,22,7,200,397,71,1
6,https://ela103.github.io/travel_agency/blog.html,28,0,1,0,7,390,23,1,25,7,200,280,65,1
6,https://ela103.github.io/travel_agency/blog.html,27,0,1,0,7,557,23,1,26,7,200,394,70,1
6,https://ela103.github.io/travel_agency/blog.html,27,0,1,0,7,451,21,0,26,7,200,339,67,1
6,https://ela103.github.io/travel_agency/blog.html,29,0,1,0,7,467,23,0,23,7,200,389,72,1
6,https://ela103.github.io/travel_agency/blog.html,25,0,1,0,7,461,23,0,24,7,200,389,62,1
6,https://ela103.github.io/travel_agency/blog.html,29,0,1,0,7,468,23,0,25,7,200,408,65,1
6,https://ela103.github.io/travel_agency/blog.html,26,0,1,0,7,542,19,1,25,7,200,269,67,1
6,https://ela103.github.io/travel_agency/blog.html,30,0,1,0,7,469,19,0,24,7,200,337,66,1
6,https://ela103.github.io/travel_agency/blog.html,30,0,1,0,7,571,21,0,27,7,200,322,71,1
6,https://ela103.github.io/travel_agency/blog.html,29,0,1,0,7,392,22,0,27,7,200,290,63,1
6,https://ela103.github.io/travel_agency/blog.html,27,0,1,0,7,461,22,0,23,7,200,345,66,1
6,https://ela103.github.io/travel_agency/blog.html,26,0,1,0,7,408,19,0,26,7,200,407,62,1
6,https://ela103.github.io/travel_agency/blog.html,30,0,1,0,7,520,19,1,27,7,200,303,63,1
6,https://ela103.github.io/travel_agency/blog.html,26,0,1,0,7,394,20,0,27,7,200,297,68,1
6,https://ela103.github.io/travel_agency/blog.html,27,0,1,0,7,533,19,0,27,7,200,316,62,1
6,https://ela103.github.io/travel_agency/blog.html,30,0,1,0,7,557,19,0,23,7,200,277,65,1
6,https://ela103.github.io/travel_agency/blog.html,25,0,1,0,7,523,19,1,26,7,200,274,62,1
6,https://ela103.github.io/travel_agency/blog.html,28,0,1,0,7,480,19,1,24,7,200,372,62,1
6,https://ela103.github.io/travel_agency/blog.html,29,0,1,0,7,543,20,0,27,7,200,349,72,1
6,https://ela103.github.io/travel_agency/blog.html,29,0,1,0,7,432,19,1,24,7,200,297,72,1
6,https://ela103.github.io/travel_agency/blog.html,26,0,1,0,7,415,21,1,21,7,200,355,64,1
6,https://ela103.github.io/travel_agency/blog.html,30,0,1,0,7,533,19,0,24,7,200,345,62,1
6,https://ela103.github.io/travel_agency/blog.html,29,0,1,0,7,430,19,0,27,7,200,276,64,1
6,https://ela103.github.io/travel_agency/blog.html,30,0,1,0,7,466,23,0,21,7,200,416,62,1
6,https://ela103.github.io/travel_agency/blog.html,28,0,1,0,7,453,23,0,23,7,200,273,65,1
6,https://ela103.github.io/travel_agency/blog.html,28,0,1,0,7,461,22,0,21,7,200,315,64,1
6,https://ela103.github.io/travel_agency/blog.html,28,0,1,0,7,542,23,0,23,7,200,392,66,1
6,https://ela103.github.io/travel_agency/blog.html,29,0,1,0,7,514,20,0,23,7,200,283,72,1
6,https://ela103.github.io/travel_agency/blog.html,26,0,1,0,7,419,21,0,23,7,200,263,62,1
6,https://ela103.github.io/travel_agency/blog.html,28,0,1,0,7,410,20,0,24,7,200,265,68,1
6,https://ela103.github.io/travel_agency/blog.html,29,0,1,0,7,424,19,0,21,7,200,385,67,1
6,https://ela103.github.io/travel_agency/blog.html,29,0,1,0,7,460,23,1,24,7,200,383,65,1
6,https://ela103.github.io/travel_agency/blog.html,29,0,1,0,7,410,20,0,25,7,200,292,63,1
6,https://ela103.github.io/travel_agency/blog.html,29,0,1,0,7,487,22,1,26,7,200,257,68,1
6,https://ela103.github.io/travel_agency/blog.html,26,0,1,0,7,562,22,0,25,7,200,266,62,1
6,https://ela103.github.io/travel_agency/blog.html,25,0,1,0,7,412,20,0,23,7,200,377,65,1
6,https://ela103.github.io/travel_agency/blog.html,27,0,1,0,7,423,19,0,26,7,200,371,70,1
6,https://ela103.github.io/travel_agency/blog.html,27,0,1,0,7,388,20,0,24,7,200,270,62,1
6,https://ela103.github.io/travel_agency/blog.html,27,0,1,0,7,440,23,0,26,7,200,276,63,1
6,https://ela103.github.io/travel_agency/blog.html,26,0,1,0,7,462,20,0,26,7,200,264,69,1
6,https://ela103.github.io/travel_agency/blog.html,25,0,1,0,7,422,22,0,23,7,200,386,65,1
6,https://ela103.github.io/travel_agency/blog.html,30,0,1,0,7,519,19,0,22,7,200,405,64,1
6,https://ela103.github.io/travel_agency/blog.html,30,0,1,0,7,387,19,0,23,7,200,368,68,1
6,https://ela103.github.io/travel_agency/blog.html,30,0,1,0,7,420,21,0,21,7,200,402,67,1
6,https://ela103.github.io/travel_agency/blog.html,26,0,1,0,7,544,21,0,27,7,200,369,66,1
6,https://ela103.github.io/travel_agency/about.html,32,15,1,0,3,219,19,1,22,2,200,353,63,1
6,https://ela103.github.io/travel_agency/about.html,36,15,1,0,3,267,21,1,21,2,200,383,63,1
6,https://ela103.github.io/travel_agency/about.html,35,16,1,0,3,269,19,0,24,2,200,316,61,1
6,https://ela103.github.io/travel_agency/about.html,37,15,1,0,3,212,22,0,23,2,200,440,61,1
6,https://ela103.github.io/travel_agency/about.html,33,15,1,0,3,225,22,0,22,2,200,425,60,1
6,https://ela103.github.io/travel_agency/about.html,33,16,1,0,3,217,22,0,25,2,200,351,63,1
6,https://ela103.github.io/travel_agency/about.html,34,15,1,0,3,236,20,1,26,2,200,479,66,1
6,https://ela103.github.io/travel_agency/about.html,36,13,1,0,3,211,19,0,21,2,200,432,65,1
6,https://ela103.github.io/travel_agency/about.html,36,15,1,0,3,234,19,1,21,2,200,484,69,1
6,https://ela103.github.io/travel_agency/about.html,35,15,1,0,3,254,20,0,24,2,200,397,63,1
6,https://ela103.github.io/travel_agency/about.html,38,15,1,0,3,230,20,1,22,2,200,463,66,1
6,https://ela103.github.io/travel_agency/about.html,35,14,1,0,3,237,18,1,21,2,200,322,63,1
6,https://ela103.github.io/travel_agency/about.html,37,14,1,0,3,283,21,0,22,2,200,318,63,1
6,https://ela103.github.io/travel_agency/about.html,37,14,1,0,3,246,22,1,26,2,200,380,64,1
6,https://ela103.github.io/travel_agency/about.html,33,14,1,0,3,262,18,0,24,2,200,386,69,1
6,https://ela103.github.io/travel_agency/about.html,36,16,1,0,3,209,19,0,24,2,200,349,67,1
6,https://ela103.github.io/travel_agency/about.html,39,16,1,0,3,280,22,0,20,2,200,379,64,1
6,https://ela103.github.io/travel_agency/about.html,38,15,1,0,3,269,20,0,22,2,200,466,64,1
6,https://ela103.github.io/travel_agency/about.html,34,15,1,0,3,221,21,0,25,2,200,383,66,1
6,https://ela103.github.io/travel_agency/about.html,34,16,1,0,3,253,18,0,21,2,200,484,65,1
6,https://ela103.github.io/travel_agency/about.html,33,15,1,0,3,229,18,0,20,2,200,481,69,1
6,https://ela103.github.io/travel_agency/about.html,37,16,1,0,3,284,22,0,21,2,200,307,66,1
6,https://ela103.github.io/travel_agency/about.html,33,16,1,0,3,293,18,0,20,2,200,312,65,1
6,https://ela103.github.io/travel_agency/about.html,37,16,1,0,3,233,19,0,24,2,200,406,61,1
6,https://ela103.github.io/travel_agency/about.html,36,13,1,0,3,264,20,1,25,2,200,341,60,1
6,https://ela103.github.io/travel_agency/about.html,32,16,1,0,3,289,18,0,23,2,200,486,69,1
6,https://ela103.github.io/travel_agency/about.html,34,13,1,0,3,258,20,0,26,2,200,411,59,1
6,https://ela103.github.io/travel_agency/about.html,36,14,1,0,3,251,19,1,23,2,200,365,60,1
6,https://ela103.github.io/travel_agency/about.html,37,15,1,0,3,262,21,0,26,2,200,467,63,1
6,https://ela103.github.io/travel_agency/about.html,33,15,1,0,3,217,22,1,21,2,200,411,62,1
6,https://ela103.github.io/travel_agency/about.html,33,14,1,0,3,267,19,1,26,2,200,348,64,1
6,https://ela103.github.io/travel_agency/about.html,34,15,1,0,3,211,18,0,24,2,200,309,69,1
6,https://ela103.github.io/travel_agency/about.html,34,14,1,0,3,279,19,0,23,2,200,446,68,1
6,https://ela103.github.io/travel_agency/about.html,33,16,1,0,3,281,20,1,22,2,200,402,59,1
6,https://ela103.github.io/travel_agency/about.html,37,14,1,0,3,277,18,0,22,2,200,371,65,1
6,https://ela103.github.io/travel_agency/about.html,32,14,1,0,3,242,18,0,22,2,200,416,61,1
6,https://ela103.github.io/travel_agency/about.html,38,16,1,0,3,292,19,0,26,2,200,349,65,1
6,https://ela103.github.io/travel_agency/about.html,38,14,1,0,3,274,21,0,23,2,200,400,65,1
6,https://ela103.github.io/travel_agency/about.html,38,14,1,0,3,222,21,0,24,2,200,498,62,1
6,https://ela103.github.io/travel_agency/about.html,33,16,1,0,3,274,22,1,24,2,200,378,65,1
6,https://ela103.github.io/travel_agency/about.html,39,13,1,0,3,204,22,0,23,2,200,397,62,1
6,https://ela103.github.io/travel_agency/about.html,35,15,1,0,3,228,19,1,24,2,200,313,64,1
6,https://ela103.github.io/travel_agency/about.html,37,14,1,0,3,230,18,0,21,2,200,476,65,1
6,https://ela103.github.io/travel_agency/about.html,33,14,1,0,3,285,22,0,22,2,200,456,63,1
6,https://ela103.github.io/travel_agency/about.html,36,15,1,0,3,209,19,1,25,2,200,475,62,1
6,https://ela103.github.io/travel_agency/about.html,34,16,1,0,3,238,18,0,20,2,200,475,60,1
6,https://ela103.github.io/travel_agency/about.html,37,16,1,0,3,280,22,1,21,2,200,314,60,1
6,https://ela103.github.io/travel_agency/about.html,35,16,1,0,3,239,20,0,23,2,200,392,60,1
6,https://ela103.github.io/travel_agency/about.html,37,16,1,0,3,219,22,1,23,2,200,322,63,1
6,https://ela103.github.io/travel_agency/about.html,33,15,1,0,3,231,20,1,21,2,200,484,63,1
6,https://ela103.github.io/travel_agency/index.html,38,147,4,7,15,787,50,1,30,1,200,1969,82,1
6,https://ela103.github.io/travel_agency/index.html,35,132,4,7,15,819,50,0,29,1,200,1364,84,1
6,https://ela103.github.io/travel_agency/index.html,40,128,4,7,15,699,49,0,29,1,200,1517,85,1
6,https://ela103.github.io/travel_agency/index.html,35,146,4,7,15,878,47,0,30,1,200,1561,84,1
6,https://ela103.github.io/travel_agency/index.html,40,134,4,7,15,1001,51,0,28,1,200,1558,80,1
6,https://ela103.github.io/travel_agency/index.html,40,130,4,7,15,732,47,1,27,1,200,1436,84,1
6,https://ela103.github.io/travel_agency/index.html,37,144,4,7,15,882,50,1,26,1,200,1911,80,1
6,https://ela103.github.io/travel_agency/index.html,34,141,4,7,15,738,47,0,30,1,200,1324,77,1
6,https://ela103.github.io/travel_agency/index.html,40,137,4,7,15,905,47,0,26,1,200,2076,82,1
6,https://ela103.github.io/travel_agency/index.html,41,135,4,7,15,864,50,0,30,1,200,1752,84,1
6,https://ela103.github.io/travel_agency/index.html,37,128,4,7,15,781,49,1,28,1,200,1485,77,1
6,https://ela103.github.io/travel_agency/index.html,35,138,4,7,15,747,47,0,27,1,200,1905,83,1
6,https://ela103.github.io/travel_agency/index.html,40,141,4,7,15,786,47,0,30,1,200,1744,79,1
6,https://ela103.github.io/travel_agency/index.html,35,144,4,7,15,1007,49,0,31,1,200,1552,82,1
6,https://ela103.github.io/travel_agency/index.html,34,150,4,7,15,953,50,1,27,1,200,1999,79,1
6,https://ela103.github.io/travel_agency/index.html,36,140,4,7,15,710,48,0,27,1,200,2043,84,1
6,https://ela103.github.io/travel_agency/index.html,39,145,4,7,15,713,49,0,29,1,200,1428,75,1
6,https://ela103.github.io/travel_agency/index.html,38,149,4,7,15,938,49,1,26,1,200,1530,78,1
6,https://ela103.github.io/travel_agency/index.html,41,138,4,7,15,910,50,0,27,1,200,1421,75,1
6,https://ela103.github.io/travel_agency/index.html,41,150,4,7,15,944,47,0,28,1,200,1634,76,1
6,https://ela103.github.io/travel_agency/index.html,41,138,4,7,15,822,47,1,31,1,200,1395,78,1
6,https://ela103.github.io/travel_agency/index.html,35,141,4,7,15,948,50,0,28,1,200,1612,83,1
6,https://ela103.github.io/travel_agency/index.html,41,134,4,7,15,1010,51,1,27,1,200,1419,76,1
6,https://ela103.github.io/travel_agency/index.html,38,148,4,7,15,973,49,0,28,1,200,2010,83,1
6,https://ela103.github.io/travel_agency/index.html,38,132,4,7,15,852,47,0,26,1,200,1824,82,1
6,https://ela103.github.io/travel_agency/index.html,36,133,4,7,15,721,51,0,27,1,200,1463,77,1
6,https://ela103.github.io/travel_agency/index.html,37,134,4,7,15,910,47,1,26,1,200,2109,80,1
6,https://ela103.github.io/travel_agency/index.html,37,153,4,7,15,713,50,0,32,1,200,1658,77,1
6,https://ela103.github.io/travel_agency/index.html,41,140,4,7,15,766,50,0,27,1,200,1636,78,1
6,https://ela103.github.io/travel_agency/index.html,41,139,4,7,15,709,47,0,27,1,200,1441,81,1
6,https://ela103.github.io/travel_agency/index.html,40,155,4,7,15,976,47,0,32,1,200,1924,80,1
6,https://ela103.github.io/travel_agency/index.html,40,153,4,7,15,787,51,1,30,1,200,1911,80,1
6,https://ela103.github.io/travel_agency/index.html,39,145,4,7,15,776,47,0,32,1,200,1567,78,1
6,https://ela103.github.io/travel_agency/index.html,39,146,4,7,15,866,47,0,28,1,200,1455,82,1
6,https://ela103.github.io/travel_agency/index.html,37,137,4,7,15,1011,48,1,29,1,200,1713,83,1
6,https://ela103.github.io/travel_agency/index.html,40,132,4,7,15,774,51,1,26,1,200,1467,81,1
6,https://ela103.github.io/travel_agency/index.html,41,146,4,7,15,694,48,1,32,1,200,1890,81,1
6,https://ela103.github.io/travel_agency/index.html,40,141,4,7,15,938,47,0,27,1,200,2115,79,1
6,https://ela103.github.io/travel_agency/index.html,35,144,4,7,15,860,47,0,31,1,200,1649,85,1
6,https://ela103.github.io/travel_agency/index.html,36,152,4,7,15,870,49,0,26,1,200,1461,79,1
6,https://ela103.github.io/travel_agency/index.html,39,143,4,7,15,839,51,0,31,1,200,1573,75,1
6,https://ela103.github.io/travel_agency/index.html,35,148,4,7,15,925,50,0,29,1,200,1764,76,1
6,https://ela103.github.io/travel_agency/index.html,39,143,4,7,15,987,47,1,29,1,200,1445,76,1
6,https://ela103.github.io/travel_agency/index.html,34,140,4,7,15,754,50,0,27,1,200,2109,83,1
6,https://ela103.github.io/travel_agency/index.html,36,140,4,7,15,886,48,0,27,1,200,1581,79,1
6,https://ela103.github.io/travel_agency/index.html,40,130,4,7,15,830,47,1,32,1,200,1738,75,1
6,https://ela103.github.io/travel_agency/index.html,36,141,4,7,15,880,47,0,26,1,200,2076,75,1
6,https://ela103.github.io/travel_agency/index.html,40,136,4,7,15,945,50,1,30,1,200,1543,79,1
6,https://ela103.github.io/travel_agency/index.html,35,140,4,7,15,828,47,1,28,1,200,1850,85,1
6,https://ela103.github.io/travel_agency/index.html,36,129,4,7,15,1014,47,0,27,1,200,1721,79,1
6,https://ela103.github.io/travel_agency/single_listing.html,29,109,1,0,4,480,32,0,35,1,200,361,82,1
6,https://ela103.github.io/travel_agency/single_listing.html,29,115,1,0,4,441,30,1,35,1,200,304,86,1
6,https://ela103.github.io/travel_agency/single_listing.html,30,129,1,0,4,546,30,0,35,1,200,278,80,1
6,https://ela103.github.io/travel_agency/single_listing.html,34,123,1,0,4,460,31,1,35,1,200,276,82,1
6,https://ela103.github.io/travel_agency/single_listing.html,29,122,1,0,4,483,32,1,35,1,200,297,81,1
6,https://ela103.github.io/travel_agency/single_listing.html,32,127,1,0,4,481,29,0,38,1,200,312,77,1
6,https://ela103.github.io/travel_agency/single_listing.html,30,121,1,0,4,476,32,0,36,1,200,337,86,1
6,https://ela103.github.io/travel_agency/single_listing.html,28,109,1,0,4,532,31,0,38,1,200,274,81,1
6,https://ela103.github.io/travel_agency/single_listing.html,33,124,1,0,4,573,33,0,38,1,200,376,81,1
6,https://ela103.github.io/travel_agency/single_listing.html,32,119,1,0,4,414,33,1,36,1,200,357,84,1
6,https://ela103.github.io/travel_agency/single_listing.html,33,117,1,0,4,472,32,0,33,1,200,246,81,1
6,https://ela103.github.io/travel_agency/single_listing.html,29,121,1,0,4,460,32,0,35,1,200,302,78,1
6,https://ela103.github.io/travel_agency/single_listing.html,28,109,1,0,4,395,33,0,37,1,200,330,80,1
6,https://ela103.github.io/travel_agency/single_listing.html,30,118,1,0,4,483,31,1,36,1,200,301,77,1
6,https://ela103.github.io/travel_agency/single_listing.html,31,124,1,0,4,584,32,0,38,1,200,285,79,1
6,https://ela103.github.io/travel_agency/single_listing.html,28,120,1,0,4,451,30,0,36,1,200,262,84,1
6,https://ela103.github.io/travel_agency/single_listing.html,30,122,1,0,4,398,33,0,36,1,200,320,79,1
6,https://ela103.github.io/travel_agency/single_listing.html,29,130,1,0,4,489,32,0,34,1,200,340,81,1
6,https://ela103.github.io/travel_agency/single_listing.html,32,113,1,0,4,436,33,1,36,1,200,296,84,1
6,https://ela103.github.io/travel_agency/single_listing.html,29,111,1,0,4,407,33,0,39,1,200,303,84,1
6,https://ela103.github.io/travel_agency/single_listing.html,31,113,1,0,4,520,31,1,36,1,200,353,79,1
6,https://ela103.github.io/travel_agency/single_listing.html,30,127,1,0,4,395,32,0,39,1,200,339,87,1
6,https://ela103.github.io/travel_agency/single_listing.html,29,108,1,0,4,411,31,0,36,1,200,317,78,1
6,https://ela103.github.io/travel_agency/single_listing.html,28,126,1,0,4,525,33,0,37,1,200,282,79,1
6,https://ela103.github.io/travel_agency/single_listing.html,33,109,1,0,4,536,30,0,39,1,200,309,82,1
6,https://ela103.github.io/travel_agency/single_listing.html,31,126,1,0,4,406,30,0,36,1,200,355,78,1
6,https://ela103.github.io/travel_agency/single_listing.html,33,119,1,0,4,490,29,0,37,1,200,336,83,1
6,https://ela103.github.io/travel_agency/single_listing.html,29,110,1,0,4,457,32,0,35,1,200,252,87,1
6,https://ela103.github.io/travel_agency/single_listing.html,31,109,1,0,4,586,33,0,36,1,200,368,85,1
6,https://ela103.github.io/travel_agency/single_listing.html,30,130,1,0,4,545,31,1,34,1,200,332,87,1
6,https://ela103.github.io/travel_agency/single_listing.html,29,115,1,0,4,492,31,0,33,1,200,355,83,1
6,https://ela103.github.io/travel_agency/single_listing.html,30,113,1,0,4,523,30,1,36,1,200,248,85,1
6,https://ela103.github.io/travel_agency/single_listing.html,32,109,1,0,4,448,31,0,34,1,200,358,83,1
6,https://ela103.github.io/travel_agency/single_listing.html,31,121,1,0,4,553,30,0,38,1,200,375,86,1
6,https://ela103.github.io/travel_agency/single_listing.html,29,113,1,0,4,522,33,0,34,1,200,270,78,1
6,https://ela103.github.io/travel_agency/single_listing.html,28,119,1,0,4,427,31,1,35,1,200,264,78,1
6,https://ela103.github.io/travel_agency/single_listing.html,32,125,1,0,4,515,31,0,35,1,200,259,83,1
6,https://ela103.github.io/travel_agency/single_listing.html,29,119,1,0,4,544,29,1,33,1,200,242,77,1
6,https://ela103.github.io/travel_agency/single_listing.html,28,125,1,0,4,478,31,0,39,1,200,309,80,1
6,https://ela103.github.io/travel_agency/single_listing.html,30,122,1,0,4,563,33,0,33,1,200,383,81,1
6,https://ela103.github.io/travel_agency/single_listing.html,33,121,1,0,4,522,32,1,34,1,200,344,86,1
6,https://ela103.github.io/travel_agency/single_listing.html,28,123,1,0,4,560,32,1,36,1,200,281,81,1
6,https://ela103.github.io/travel_agency/single_listing.html,29,115,1,0,4,454,31,0,37,1,200,261,80,1
6,https://ela103.github.io/travel_agency/single_listing.html,33,109,1,0,4,475,29,0,39,1,200,290,80,1
6,https://ela103.github.io/travel_agency/single_listing.html,30,129,1,0,4,570,32,0,33,1,200,239,78,1
6,https://ela103.github.io/travel_agency/single_listing.html,31,112,1,0,4,535,30,1,34,1,200,239,87,1
6,https://ela103.github.io/travel_agency/single_listing.html,31,128,1,0,4,562,32,0,38,1,200,319,81,1
6,https://ela103.github.io/travel_agency/single_listing.html,28,112,1,0,4,476,31,0,38,1,200,326,81,1
6,https://ela103.github.io/travel_agency/single_listing.html,31,112,1,0,4,413,31,0,38,1,200,264,86,1
6,https://ela103.github.io/travel_agency/single_listing.html,31,126,1,0,4,568,30,0,37,1,200,262,82,1
